Unnamed: 0,FreshChoice Epsom,FreshChoice Flat Bush,FreshChoice Glen Eden,FreshChoice Half Moon Bay,FreshChoice Mangere Bridge,FreshChoice Otahuhu,FreshChoice Palomino,FreshChoice Papakura,FreshChoice Ranui,FreshChoice Titirangi,Metro Albert Street,Metro Halsey Street,Metro Herne Bay,SuperValue Avondale,Woolworths Airport,Woolworths Auckland City,Woolworths Auckland Victoria Street West,Woolworths Birkenhead,Woolworths Blockhouse Bay,Woolworths Botany Downs,Woolworths Browns Bay,Woolworths Glenfield,Woolworths Greenlane,Woolworths Greville Road,Woolworths Grey Lynn,Woolworths Hauraki Corner,Woolworths Henderson,Woolworths Highland Park,Woolworths Hobsonville,Woolworths Howick,Woolworths Lincoln Road,Woolworths Lynnmall,Woolworths Mairangi Bay,Woolworths Mangere East,Woolworths Mangere Mall,Woolworths Manukau,Woolworths Manukau Mall,Woolworths Manurewa,Woolworths Meadowbank,Woolworths Meadowlands,Woolworths Milford,Woolworths Mt Eden,Woolworths Mt Roskill,Woolworths Mt Wellington,Woolworths Newmarket,Woolworths Northcote,Woolworths Northwest,Woolworths Onehunga,Woolworths Pakuranga,Woolworths Papakura,Woolworths Papatoetoe,Woolworths Ponsonby,Woolworths Pt Chevalier,Woolworths Roselands,Woolworths St Johns,Woolworths St Lukes,Woolworths Sunnynook,Woolworths Takanini,Woolworths Takapuna,Woolworths Te Atatu North,Woolworths Te Atatu South,Woolworths Three Kings,Woolworths Waiata Shores,Woolworths Westgate,Distribution Centre Auckland
FreshChoice Epsom,0.0,2364.9935969617954,3291.72780611729,1651.527087827713,788.3801658615466,291.4637180096215,1608.381205320677,1648.7426590513433,2576.2893526450835,796.8041600704289,856.2247321134172,1576.0788668608204,1880.145398169976,1694.5312410828792,2693.082950522472,1312.6079191743397,1367.5575073825637,2204.517493278078,1349.700931775917,2386.7880104978026,2618.3315906460703,179.40033143414803,850.3532193623778,1494.62230723453,848.7029082409844,2460.5797974723996,1991.305459989311,815.2791543698977,2872.421643785192,353.339539357999,1446.1262121581528,1381.4845521429158,2500.5463960314914,1173.8145079984265,1043.5529775850166,382.17495335251385,1001.9866906004311,2536.407964453679,500.86125848864356,2455.5699827475137,2006.4052150768814,485.0824030219513,842.1708285889533,1114.5679352525813,1380.7305693103622,632.1847243825376,1277.1480409229462,954.5293688693557,835.9514158294611,1733.4588785142432,1690.3054567806935,427.3306696741345,1222.7833526973754,1568.3160565066546,1270.3614137818283,287.41072876315434,1891.0522231491877,2752.936547519499,1967.104990709606,1709.6676791629961,1606.3453190352775,503.99886724079664,2080.0597945301897,2279.2445273460594,856.3615116355126
FreshChoice Flat Bush,2145.6373553029384,0.0,2699.325918573233,1479.6507124603047,438.472973007899,430.16911855140864,3396.3959938215053,1609.8980804832001,3477.2976728916206,3651.359105360404,2687.9018653582802,1198.6420149102971,773.3952896669475,3637.105110247615,-229.32767008794917,1532.7054915451267,3115.11377825204,3155.1213711251735,1909.2807236331698,1010.4856766901205,3756.7800635480794,3574.7302824366507,3389.398212860973,1526.2982777072964,1570.8452148279162,1227.3975083999433,1872.300362895461,1564.6657913790066,3959.7431010460623,1061.9697350331905,5637.732543170381,1469.291163089453,2843.393829088958,1077.3232161588314,1068.3830223319933,-264.8168389351578,365.804520546536,1213.2123215025717,1395.505538769246,841.3692978110579,2342.82118304249,315.34253974660487,2872.102249618143,1270.3205557561425,2408.904898698457,2133.4862271789843,3542.6699103075034,15.410514699388159,1623.145457678252,1852.491041935633,604.4485421624553,1392.3103016393302,1581.1895379580387,2243.9396518050235,1605.1861773063185,2240.199202366287,2970.470862031934,1026.2220364432244,4639.50722769678,4457.360779345702,5027.397280265411,2274.5664788163076,1337.6326008754443,1087.544923947381,1612.754430793835
FreshChoice Glen Eden,1589.6752746833665,3103.8119474849373,0.0,2362.6839916866784,1872.8852826646066,2562.9143861645134,1604.2664551940952,2827.816813535822,1060.6837833151028,409.7166032744111,597.3779870819706,-83.14293460621343,2198.6605285734595,171.09097042092606,1066.3345804254286,2456.937649316067,385.19721103295274,2168.824712899779,932.003919974114,2715.4124806752375,4121.4569547142955,2028.3627930921543,1978.5047441183078,1485.318526920461,1193.8945412574394,3008.61388974228,-118.2922453487231,3270.8170602653354,974.0313161906058,4688.031639651557,907.0498784950103,167.93249385669816,1373.3285514680815,2545.117578897261,3179.653323130866,3147.987908177416,3920.933115403949,1981.522351004381,2395.7631643579243,1959.7624830327834,1836.0493942323742,1911.3550183485531,1995.4209719345122,2998.150607491394,1363.6960294504793,1393.3005894476037,2186.3697549742587,2134.2840936799585,2822.4852392502157,3814.8394875414797,3109.6794493686602,2123.3411275781436,1222.0336164701498,1970.0296423695506,692.2105781386795,149.0178534917968,2305.9829732033595,3166.3172532846597,431.373360609721,1303.7216333979818,946.5426949600972,1934.104019375202,3292.9987169357933,2087.192236539228,751.7325109558428
FreshChoice Half Moon Bay,1698.8053969860216,3254.3874347822984,1958.1945804120303,0.0,1799.716726545362,1284.5106258491778,2867.2915722162074,1952.0999395212725,2476.3191299420428,4427.220912796101,1800.574812694354,2249.670723757516,2037.2060799870246,3533.386241465232,2444.2324889082547,2429.7262941884933,3234.00031120104,3182.3092262673354,3161.8900241106294,1443.1831026897623,3896.171261898197,2475.8761096247363,2025.1079920003563,4161.6078405209755,730.1143044484852,3640.282578816759,2415.013645075589,90.22116906738412,2609.386945956348,429.2379131742994,2934.2636996525407,2809.3962014596837,1566.5298418764903,2286.151793301834,2832.237445162046,642.3948974200312,1866.6771555397345,3116.226309357499,2925.8279554036917,853.197167802026,2097.716881573535,3047.2918000797413,1384.1893405803987,1052.2772005464933,2798.3550734650216,2630.2667293607196,2546.587349204851,-82.58835221859772,941.3794714812893,1466.5998709171695,1772.424058875316,1882.5899417741082,1163.3464050763937,2370.1841233683645,-310.8594589065144,3056.086381427909,2556.3774442513054,2872.362372857731,2092.4614132090683,3563.923964510262,3919.2720770212327,1316.7658072583176,-574.7463918952494,2961.7843975985993,-36.825153150097776
FreshChoice Mangere Bridge,731.1981676216058,2680.1480555959797,1840.1561575818275,1659.0936619243066,0.0,1381.0739822014311,448.46107187219104,3220.6945866807655,2940.3917373626887,2408.079766535491,1848.8702807015893,1399.6928368158895,1032.487108180757,468.7764235684248,1000.4075553238287,893.6089326885502,642.8949537893168,1748.0685204925335,1002.0369672363994,2225.8839350690773,4360.820881835665,2217.8910826289402,702.0571222820192,2518.8947126767366,987.2011672080799,2970.5322503311945,2255.550407890352,1816.6833221980744,1280.7754107197268,3386.684991429709,991.0090494891031,1893.5580029676266,2946.797351806315,-248.30989638717153,289.02198155813613,955.8962967925481,1024.3536242394753,980.2935886109276,1825.939040989942,2454.216124779548,1971.958844532435,2185.090847773151,583.4497983610088,2466.89286576389,860.461940831536,1654.9333897927934,1561.5763661224717,417.17765232896403,1018.2369329720515,2139.8110448119482,1071.4953334058687,872.1476344382856,1269.7073790138706,2319.566665570196,1560.7327417677548,978.2103752542544,2367.1574638684274,184.20821869442398,1761.7563642396408,1795.16366414797,1782.1634174307,-77.39444420416805,3288.646319444575,2767.127708027126,-148.5359482601495
FreshChoice Otahuhu,737.3789402916535,72.2010255592744,3844.6117955537634,1405.698356710601,898.0714360716663,0.0,1605.2837017688857,1762.4187268299318,1759.4179885490616,1877.0410825612134,754.5808981769239,1566.5545841083845,604.4770114233124,436.09602183860216,1355.5501379505342,1836.258984168631,1076.8984638096977,1900.1277142837994,1650.031600160955,1465.7960689055349,3803.798365397489,1932.5664879613164,1141.362654549139,2812.6277956075323,2407.9582158642806,2417.6450297627807,1548.366049564036,415.85599142521346,3046.4513043325583,1572.5371298125344,3246.6712051362592,2611.210970155896,2009.287582188418,322.53601014052,401.7950090020834,719.9620502932175,482.46177059003065,400.55897279663486,704.2295976696623,2624.275722975108,2378.5513373956765,1398.375056067048,210.50975824525972,358.0267718443174,1297.8998222008013,2292.91421636974,2365.851826776395,632.2330752802188,884.7386814507474,1500.301393097745,-288.9147892090525,1198.85000246953,1681.6549186338934,1035.2009531637345,1824.0630497714956,1875.8315861064389,433.57664872396936,1349.2520623076286,1550.3722107228407,1894.7070058540853,2596.159072674923,2123.0741171635436,944.1807087020629,3122.166206873717,734.1762369036286
FreshChoice Palomino,3706.16552494196,3035.587716770474,864.9676288498581,2188.445023991189,2948.182260700151,3172.069249334781,0.0,3281.985961618082,1210.4353497050427,528.498623509337,1785.4434556723286,2734.382594691503,1518.8306169031175,956.3039303343116,2405.633432481926,312.644782997379,2433.6377560845485,4852.3122734798635,586.4200696247074,3409.5255453783193,1233.0228714407654,1932.3258811882938,3081.0875749694005,1389.692425364156,1003.557215891389,1959.8712626494987,-284.97210401658674,3864.2918512018828,1058.0690145803214,4074.4489724998775,-110.08051594231779,2385.7703807539738,1101.0124363306115,3610.0024129848052,1315.4800446870001,4069.4543141513377,3756.835722591586,2155.4006743261234,2120.968422207774,2444.1923472014214,1923.688374223449,3164.03381420187,992.0903530854742,4108.262992059557,755.5714234765046,3666.841888642396,608.0978533524869,2371.2655727467836,1529.9348657005291,3455.826583823764,1797.3273964444916,1201.4135294030584,1409.1201915493575,3423.807483652044,1127.0314577374884,1658.4119529648701,1053.7312823132147,4727.178151932944,3432.725577056509,1095.6249353211986,578.1181902443442,3133.384635396341,2401.4135060212475,986.7227002250696,3245.9231073714263
FreshChoice Papakura,1742.413043173066,1040.3620364725832,3169.618419952235,3314.2177956007536,1705.291519687084,2380.8151340834956,3866.5325388665233,0.0,3799.19551100627,3309.636732333947,2511.746545174431,3450.466998706652,4579.129384898657,2333.5125372620955,1646.0231339208037,1746.8819009043877,3581.222106527836,2757.279825041726,1290.0308945308616,2131.8933870005744,4894.028965485351,1484.3337536767094,1411.946701050394,1639.6204686288977,4064.229110026974,1804.4467203691354,788.170837527613,3787.3953541721903,4224.579832165023,2675.454131577402,4240.3332715288525,2275.692145277881,4182.90168905908,2521.5173534499727,1997.6732373430734,1242.7424412621913,1158.2137080171842,2482.212323270058,2032.8626868602023,2335.378265195841,3746.2907090457784,2677.0746806889974,1410.4704161936936,1537.3225291163556,3035.697130463421,3466.639587790967,4759.441576105388,2057.994576360743,2168.109803182011,532.2025816483308,1165.672979991624,3058.433856472824,3744.50315505324,281.27017284705727,1751.650478750957,2983.035920465537,4862.201822361412,922.0447661192436,3187.2773817804828,3668.1522173349185,2241.617452013348,2577.9541430525887,636.9960494241998,4809.836938111892,4372.785917284882
FreshChoice Ranui,2847.4431663629575,3180.7349487150213,1545.1388354120393,3771.973998882918,1209.2937236755395,2679.941141523152,538.5817411630485,2625.736057112832,0.0,1743.168397534907,1961.7400065610998,997.9071668757457,1761.3064288153828,2097.9301411378233,2864.0283253204743,1229.1945365622055,1228.747913840831,2428.2749472217474,3238.10025423566,2489.277985015762,2915.1025790286085,3158.231217572767,2021.8636254473186,1346.6793734559797,653.8755225282019,1965.3306349352197,159.39395185559715,1529.0720036746154,257.7355225424458,3730.501494981926,881.8476528938581,697.4240380772654,937.1913198615771,1872.2511610465208,3463.098264341063,1875.7846052929094,2508.076899709112,4167.974088497651,1124.571782914658,3367.404802564002,2194.596106677753,2364.9802565937734,1784.1658899943,2474.71096172491,1523.923472115338,3301.7410770096094,1658.003398250574,4205.746249504121,3007.641818353469,3681.692518007327,3777.3952473724885,2794.93529001676,321.1143965257528,3684.1067190190174,2604.9366546032666,671.1792965269516,2671.12711872992,3790.0417596926504,2844.209313282284,1148.117618832926,700.2040063618063,1361.7529319426126,3168.079030080427,806.0300812764422,2898.486874204247
FreshChoice Titirangi,1961.7279260813607,4096.253339281673,277.4144955678397,2055.51229637252,1252.54862656544,1267.051724727305,1144.2938873183243,2094.3685744407367,758.3168663437262,0.0,1581.8478630208156,2399.8099347218645,2729.0800687606466,363.778579712907,3879.150271268799,3439.8690475180174,1904.4626069214041,4610.106842976953,456.1817180623382,2654.676447722418,3672.9799725308785,3492.347537480155,1454.9872547730993,2469.1511632055162,1195.4938647730187,1982.8811005892017,1174.2534970517936,5838.905919301364,2949.444710912423,4101.974701168816,1616.6639988528775,395.2122630039189,3904.6858797403543,2367.4589292857327,735.5902724183591,2513.738346863021,2377.8486685567727,1366.964831043553,2372.097328770116,5542.637410107254,1280.580484260302,1816.3834550461668,1266.3781387335914,1937.1353028485325,554.9854297835225,3144.9558893024714,2904.0090312928824,1127.028815777032,2527.9826566398624,3192.1699703736886,1359.994787651661,2251.7812844789087,863.0381310942671,2770.203832051329,3594.36153089024,1527.5485643996703,3629.2656300833814,3665.04033619468,3327.821459418682,2204.8200709833563,1332.7284157829347,436.7580639855572,2693.9190236991303,1709.7870136959177,2260.44389983148
Metro Albert Street,836.7036176207984,1568.3905164083708,1489.8233713126276,1934.8631094088828,1090.5201404995148,1415.4655870392935,2313.549178937643,3611.3472644452745,1768.4120704811817,2028.8451991348745,0.0,534.5820236688683,362.4005386011537,1071.6047299817756,2169.093525699775,167.21792700110214,26.585960118047268,532.9305645872178,482.8913833478871,681.4980539656485,3115.6110716444637,1164.4993514789562,1478.0666660111167,2271.0214364331064,751.7064152453939,1044.3703932710741,2102.632766208637,2298.024328944245,97.95213168014584,1965.118845327755,249.57809555959284,1327.9535483896257,1313.765365301161,2032.4385780164084,1073.5669696665038,866.1213275405332,1557.0651266243572,3079.225968602912,305.9630501266556,3661.698484255923,1791.61272012501,147.60703597367,1313.5300196923563,1027.7619919465678,1040.938518357983,1026.9371572111218,898.0902339633024,1027.8828484537935,1913.1624800050904,2747.87800318087,2644.590559636356,826.5942160227493,130.07887635536702,1854.9843528909873,1259.0923838036597,811.5693460408424,344.44226687218884,1697.8558157798832,687.0201204720622,1661.3505190150531,379.01888445138445,1153.814322334401,2954.7251907996556,1871.745592103211,2631.750087956966
Metro Halsey Street,1338.2412214221551,1365.8719565345114,1312.2633151454986,1704.0820319429477,1660.4202091113877,874.5803395899769,2191.2598613730215,1087.2084479920222,2185.684708930816,2566.550003619641,-146.86273382606635,0.0,860.8740811513521,1754.8604980425048,948.7319522410512,753.0363376783273,645.1530926931057,283.6006865778529,1624.1756633199473,2223.0241920668673,1542.562376924781,1007.4983675161577,1194.4504969651518,1356.6710140151579,729.9971147708735,470.9605462697433,144.6429245610825,2082.8822835946503,1784.717775693885,3447.238841982482,2041.9533153116895,1121.2374830216215,1888.1255919297305,2141.464450555855,2979.7731592398104,1574.2532116879338,732.5058940701695,1775.1403655914596,477.79907742964303,1235.9735138879032,-50.864347867726565,1142.227727682732,1285.0592996299051,2264.846602793319,931.5682880757139,1450.321197051368,1150.2446345232413,2070.768923436565,2686.075231652557,1954.768618414068,677.7736332043778,317.7706410120674,675.3259163977389,3698.2930514819363,1680.8320940671433,914.0449220355094,1571.500599222003,5.8138796698149235,390.78548265278215,2169.463912349993,1539.3101330922618,1546.5036499761143,4504.243002735138,1837.9923753093394,1310.7026820615301
Metro Herne Bay,676.5537442272431,2115.4760194930127,2035.3495175898443,2529.5431916780253,1488.1928362161834,1033.4767448848652,1006.0407835196337,2217.284319106886,1564.0368443575167,2366.779217522825,610.5997405974391,109.55005193915429,0.0,1311.65068133292,2683.333951329537,664.5520362873101,738.2071838221746,683.64514022452,1136.9586558126962,1379.3629916962875,582.8918701698608,1625.2470909268063,1850.6975912850041,565.2451335043036,808.8821669512174,621.8658468992136,1077.0359674439421,1421.7467078981192,1865.796106723326,3892.9163865317905,1034.1602538970576,134.79158551954538,1403.41700131643,2404.150414774154,3142.9926636775886,2216.0901089468234,609.000326226872,777.8316313120579,1790.9190850169825,2367.2269386261255,1188.6814961808263,694.9178096645114,1097.7542239755371,2177.4588457212776,1165.1900359877839,1833.1740594157127,1613.998054039421,587.2257022894887,2717.578241169343,3472.23125580672,2353.2583469042875,374.52313420537195,757.2970209413663,4070.3985346629183,1923.620683855669,780.5973642589786,630.8932839971137,3441.5476462411925,1481.1953547273258,900.5843883096778,1263.8802494443141,773.6209844646083,1796.8496357697315,1534.948740770826,1739.1927429289324
SuperValue Avondale,1470.7125330693907,1274.6094880886653,750.7612601264781,2504.4066155458486,434.028925918828,2037.0267304046604,781.625774516375,961.8321626888082,1494.787653433746,460.197943963674,1876.1474361997934,1147.1669084218283,654.7910884987274,0.0,1751.849747528891,407.7159597570069,1256.8287676863902,1505.104773866685,18.53488338737958,2437.8458798062898,2063.7906067438175,2605.674208623278,1947.0097190396825,3104.964005264553,881.2369973062617,1172.9756413668297,673.0785713516898,1398.5531822510961,2526.961637351601,390.81565328625584,1302.2733345002769,107.77260621929474,1959.6055520747836,1409.7827088333427,1937.257302214256,3389.005229624381,1090.720990675382,1596.10642759662,2537.7169270064014,2637.925145075868,2047.470317526846,1676.1498375862056,-76.65696404978485,1023.3182660112706,1247.2098473585131,1998.7684307412837,1861.7418893175409,1250.5865415637384,161.13377956389354,2789.9874495236754,3319.057244589878,890.7477087601845,210.43048639817255,2480.4304804346375,998.8448686148924,444.4827358468838,3352.7436001608066,2469.490600748503,1828.559433079097,1739.3633686573419,669.5363407903666,1435.7131220991791,2593.083927295613,2527.878101481587,1460.757275419906
Woolworths Airport,1995.709351367876,1745.9593052221026,4016.366004475468,2863.604229083461,1261.7044624176488,1033.4028486769294,4378.4594701823435,517.4174610349328,2962.2465611676525,3910.1284258127416,1811.2881166017617,1226.477477894477,2830.8631000830146,1768.2939854415645,0.0,1896.4132340054725,2022.0565093659575,4429.817585106582,2466.9349167980954,2423.2366170791793,1970.4412748548366,1325.189378171094,2725.3785977434372,4112.960090939601,3660.575863114872,3692.605386275343,2706.370631021623,2337.9293039042936,1252.2744807415916,3011.4276491950914,2145.931846115915,2392.1945779361886,2232.3869424811382,1005.6039365931267,504.3310282332452,771.7907249026937,256.45036504032714,1256.9197466961891,2028.0853585904113,645.1145238336683,3073.4238728867977,1293.9317095656318,1478.9307365831792,1660.0863063977786,1607.5807376045934,1669.4691561640611,1935.5854002092653,1085.5305717353692,1939.0943950562005,1205.2978322620725,1265.8374894712708,1231.731844733763,2924.7879947292195,457.43645556923775,4116.796298418294,774.150045130509,3598.417135043458,979.2926115076383,1845.736146050643,3156.6081583245905,1122.512961401422,1148.3357531819497,2291.1604857379652,1808.6883621425727,836.8348872177996
Woolworths Auckland City,433.92008945495786,1338.5445185877093,1483.6456689794359,1872.1085302099525,1906.6746686492675,2344.458507472491,2505.6157775476972,2410.6361987223618,1377.0326688108366,2306.393312949107,460.83005781023166,802.4456462544301,238.24418465609125,1041.026821185333,-813.5756874276874,0.0,17.32206172451822,1296.2078871206722,316.3600254729456,3419.6781204550853,1290.5785138775004,1551.0007328904583,1178.9020445286947,2272.449267609886,927.8204507174129,2664.9032619836935,1331.005757939991,1248.9690390493026,2191.2982193888006,1911.6409167574116,733.1330817571484,1276.9525869365582,2169.827706915141,2370.2224801086727,1385.7239430450186,1765.4322964258595,2299.991442386186,1781.8563137456056,2010.4883237416664,2580.226848782418,2514.353910799423,1396.2392835371384,1694.4026532191265,1479.8917473309218,24.033853850993637,1033.8884662960384,2590.27117509056,1901.3842081457624,940.4814822861848,1217.6375496896335,1921.6817550064673,179.5074513646337,135.35595415916964,2958.943591231893,2258.672869104731,496.7004777845195,928.7518650479975,2432.0237444561308,797.1736359355202,1907.3725162705387,1872.1645830333237,830.3039161857496,1811.8807605393758,644.3779626753774,2336.8196414887702
Woolworths Auckland Victoria Street West,753.2896761232564,1358.7975729384,1171.3466838232557,658.3921088599182,1648.7046244650826,1323.1543211589378,1347.6133075404005,2781.054823490537,960.7012757271815,631.5846397942012,744.1494861689562,501.25526493151443,762.043189160867,656.0035665694013,1575.1101641027212,902.3766924298138,0.0,1559.0736775645482,2771.5657326808823,950.2539797837222,1664.3075020636556,2019.4851825320734,866.7993225129551,1438.6421125207398,679.2615316287047,1035.3675606110069,1518.5502199651746,2206.276150955062,2901.146754827726,2114.550551414853,1005.9953666296908,-90.6473834537569,2591.7940288324035,1243.4631479267096,1213.3078687694117,1554.5217665096302,1429.287442013252,2263.073282975255,1170.3091355020151,1390.80401660199,567.8928997675584,489.47224817650573,527.1024989382877,1334.5410656527938,843.0977906916212,1503.9874093238338,1361.3464405584327,1587.587479293618,1269.9327782269168,1763.6892783853502,1554.8622297513555,786.968718843729,785.620610059603,3276.422600373615,1729.9012586079552,879.6593451496886,1531.9724096853329,1195.1772371958239,1653.222394451942,980.4540524164349,923.4537609524693,978.4890069278428,4468.799020987924,2939.196062214306,1955.101031072507
Woolworths Birkenhead,717.2408901622089,1264.3668157286193,1803.732356573922,2950.969570103714,2771.220851865585,1331.3328285917341,2290.4267896637557,4718.264391529204,4086.641194813707,2943.2756332256404,1439.3016904802437,1454.483146564883,382.2389504130664,1338.56932207558,3169.396016571434,1110.2463820159676,1334.771870080924,0.0,2194.674089644511,2299.641760957154,2327.6923692644855,238.86782538545208,2089.804971044783,1158.5864732413258,948.078627868561,515.2657037809181,3247.293573196939,1962.349554949295,1628.3523178495304,1766.6914442413415,2797.4087024217033,887.8110207609852,1376.8185359986278,3097.3705227604632,2132.40605724085,2298.11925169046,2516.1175199208656,2808.09777902404,1973.2595822905319,1304.3085817871165,1083.407796323668,2526.3317380098865,2038.3889941196533,493.28331142258776,1726.6511807121801,-659.4612772964713,2722.4818358971506,2084.9393796922877,3547.940875445724,2578.844085843095,1005.3465002538874,787.4595098754219,899.1021109920273,2707.884107050161,4042.452349145462,1215.7290410104888,704.042122678414,1878.0136605862126,566.275578221038,3019.615642496951,2264.3176732033444,2356.568639834927,2804.872929023074,1784.562235123077,1436.6724267882444
Woolworths Blockhouse Bay,888.0454391943659,2793.0839025032665,519.3647820815752,4009.7564340160156,980.1717421224428,1705.6586355036668,1654.9266382276032,2526.223559417623,2117.7280941929125,920.8727570120026,1429.0387571380443,2469.9036605333235,2387.142491983426,256.2797480744558,337.226746749398,542.25260063677,758.1325867537047,1130.438452626999,0.0,3233.4301453842054,2742.667127103728,2111.736901977552,1796.7568210177228,2992.5018835970377,537.6283607045856,2574.2829238783734,1277.2483563590945,2924.351183232336,2579.226492969242,3005.0528417541086,1902.8314019313952,605.2004974999776,1703.810773887149,2399.7465119153194,1485.5869785359669,1013.3748727430523,383.457274941155,1269.925070436726,3518.3202439196775,2988.6354931820238,2814.0551038149542,289.09741312041683,382.17388834566214,1353.231682028897,688.3828279727281,2601.712869277247,2622.261833147508,947.793709696889,1419.4701981156645,2471.3009810771728,2123.55652187232,1600.4492347847304,1317.0947077774908,2563.5577797973397,2361.622579896466,884.4532381392565,1309.660803844125,4004.943158918614,1855.2940076817679,1331.378590579855,1002.231414630591,657.7368793284247,2134.228455988045,2340.8442846167823,548.3607785511493
Woolworths Botany Downs,-180.69814717300642,1181.6262985887215,4034.849847444012,1250.983936991618,1759.4857048434574,1197.4574395469513,1768.4933784864768,1999.591451892966,3078.0757994739015,2953.663373265209,1222.348041634237,-320.4789150651834,4078.4261108588416,2666.704878326793,2500.3745810428068,2234.945431224838,2379.4942543976563,2254.749645581443,697.9647782438703,0.0,4741.840749619384,3958.533317283552,1220.557265152501,1464.6470332239012,1823.853021403575,2941.3087704060017,1250.1982326010836,611.4845727401604,3205.224844726584,640.816693924297,2646.494461948997,3319.412986917414,2053.1981420495813,1293.8672417118814,972.1378625471535,892.154936942515,953.3720780099751,413.12756042781916,901.4283432189679,318.44944782414547,2602.3666938043402,2417.0355466115248,3510.8230137897,1176.2244587485748,733.405957254806,2140.5566333836564,3395.3592005598102,3341.042064668085,80.94415600245861,2718.0247331216406,775.9981473629337,1974.6162998842708,1951.050399078741,1929.2854332081959,611.6908875437618,1786.8671603183802,2759.6311144310957,1624.4257115671282,1128.8365032373379,3224.147046101025,1910.4448371337942,3477.6413677960345,1472.9714166316367,3146.232591225887,2932.132970356058
Woolworths Browns Bay,1913.5824920314258,1902.0157268345206,3867.1164313395675,2392.0475676492133,2079.8985732242745,3771.6561595002204,1666.0408935548553,4145.782638538254,1657.3513936048307,2576.320279935364,2023.8861824336407,1083.3612323010288,1201.4189297249982,1493.7046104841454,4061.87472195191,212.05043443222394,1106.9965569091355,2013.5685768134285,2786.309204586798,3813.478255621894,0.0,700.3403969583485,2236.186897849804,301.48185569852944,3060.001041892101,1423.2310836695347,3002.587745903581,2415.7587508896863,1424.787980304182,5158.2619383019855,1244.367740518474,1181.4007769466655,352.7213322355698,3757.888456095307,3829.2845653408754,4360.874506029776,3028.987203085879,2358.3804225565627,1937.0760552144488,3026.8638353695715,1281.093531360517,2290.7447219422766,2313.5712181852305,2846.387909683161,1640.5379418202238,1859.864463526837,1828.4069429955493,2031.2641121006138,1848.8212993228926,2206.919829393935,2760.0761159153053,1884.0124834309847,2172.013355970377,3371.8882601333785,2895.0032777316096,2676.745603307284,714.5811632659407,4002.176978961006,634.0489244853053,2212.827148701039,1454.785332651773,3391.683892646101,4527.278397919006,1839.6682489060745,3450.43212601872
Woolworths Glenfield,1750.8367097100875,2160.3945348682737,3321.176049311811,3067.0255307574,2982.255415588913,3743.0493532645132,3128.1356842569917,2479.7268927563223,2439.2721244504137,3618.7509948174006,2243.1948707024494,1420.7106573077635,1337.7544000565117,2999.0076456158667,3543.6662752935554,995.3696113037923,2246.5644447161503,746.5233366932256,3284.366657277148,1673.923577698756,1131.133533451906,0.0,670.8595755429482,471.32648127348807,554.0453632047399,433.1507898257392,2317.0941493884084,1943.194313628153,1006.1936852708252,2265.003202774222,1777.5372076114975,2770.136249652365,685.3336792004912,2316.4452031796836,3041.206493295174,2985.610746785285,3054.3992830605384,2332.541588865382,1889.8516420401227,1966.989742641186,1429.428650674738,1273.8370401687857,2093.9784467469103,2387.550596556794,617.6417742130939,316.2243541504558,2377.9832905826015,2353.160185135682,1687.5759608812832,4026.809065907448,1321.0304174102714,1794.020348992498,1352.0707023549598,3895.0737010887337,4132.823695839334,1889.7677037689891,1326.823625364983,2446.3392921049954,607.1012025352037,1446.5314170687047,1350.0024062520235,2429.0443300810584,3138.2372623463893,2503.4230086275247,1358.0198698531813
Woolworths Greenlane,450.4185942226153,-339.055122490377,2639.7678954132252,1832.0293061094685,1139.7402464508086,813.9636799675283,7.713067397484792,1916.19954268178,612.4683840828977,2712.6093907314753,1112.7314293503373,1473.388335598628,1259.202756291804,1649.160384920438,1869.057011466261,807.9127170447757,418.6865637400355,1970.6204075575492,820.4072097021382,2201.162834642128,1537.8500861820942,2430.2350258305664,0.0,2513.225566018176,1084.188570272862,2037.0136792758574,1564.7067257328567,-282.5705618281156,1551.5306347350243,896.7817244507756,1143.4912312469307,1900.8538155898655,2023.6363352165383,2437.3886935842193,1017.1181320650835,1084.4190887311997,2058.2817591048247,1235.2644500348383,163.53998569560207,1466.7019538834436,2099.9954930843546,430.21289099285167,1699.686300977128,710.8000365939795,-224.27894811860403,1645.274395917264,1843.5190782642028,251.81270780994464,1033.758231072664,2052.847839523608,1455.8334563352037,894.5010742796587,525.8144577065927,1921.1870810031737,702.044673011303,1355.9894336702955,2588.440017249355,1918.580847053971,585.4744611831123,1840.4888355088833,-463.177560568912,-113.73033309438074,1718.0237249454533,1277.4554428852393,1105.6405880341144
Woolworths Greville Road,2536.319809501165,4226.075890747393,3083.3251810131515,2405.8282695640055,3668.3674262224886,2852.2086380425862,1520.9879044853215,2736.41128177301,2221.8527608643694,3072.8472570236713,1313.5091927825488,-136.75584239587147,1921.2130599067718,621.9612358184486,2013.4708856122907,1609.8351784127815,1528.6045192279187,1171.8956113879647,2691.1245170794355,3487.4256705554453,207.07417599417317,641.5300889285377,1996.1032114426032,0.0,1587.6936961290962,1266.7443474997162,4428.899969895791,3667.497101101824,251.06850260783665,3676.49323823359,-2.169696371443024,2905.8629688069077,409.29922542526424,1839.030363049362,3174.8224431314784,2233.401673840601,2501.9322566753635,3261.2355148187535,2559.8742728024454,2683.901503875185,1098.02408499405,2717.989538435224,1579.9043370079849,348.37027830875036,2341.696067586379,623.949464220926,1452.8857404147109,3592.302188610317,4291.187265671469,3444.961882700317,1519.3463681848812,2159.387657358743,2645.3655773060555,2866.0169258035294,3325.1256752624076,1496.4755792741764,-349.091445600421,3418.400095392927,992.7448689223069,61.676161296343025,2645.1815038032055,1889.4243072131237,3321.3994149743125,1864.2284535829021,3253.856260663641
Woolworths Grey Lynn,1608.9039333226701,1878.9187449881847,202.8430035873157,1775.9976413106558,898.2644186094248,2338.8853969546194,1212.7450357735015,1203.0741135767246,1944.0646778818016,943.3392956440871,852.5429460712248,712.1783783160357,743.2130078697058,1105.9315344612314,1912.8599304946133,650.9864038523975,33.15673560614732,1049.168520667076,2202.9558945919625,1830.741749718763,2453.850888673607,1564.1687740595514,1176.3288210667351,940.0951389552625,0.0,1201.690621257174,1308.7688076575803,1777.9368437802032,921.3935716789432,2445.737792481629,824.7066232540274,1238.2266216538405,2366.4019298329226,3657.3808581499766,970.3035285086021,442.7532433981794,2785.9358461050942,1356.5282622094999,1562.214131380995,2637.089431203191,466.23600039309633,293.23674826630537,1050.0647001144691,805.9888329893377,507.04615344075575,1099.7318179292427,2095.0183621423203,1884.6606055169946,1895.2814347466488,3129.802013452153,2562.7565400620206,-669.8987668472569,-93.67548328999737,3258.846272133324,2007.312759468674,948.0864927834039,1459.2260153057666,1770.9010994279015,783.4681412622334,1647.8178140220894,1327.8069404332607,565.4499542739558,1216.686044001718,967.0886733561457,263.5303655528255
Woolworths Hauraki Corner,2530.2280177433386,568.4685037253012,2549.0134996426173,2788.272840137778,2065.1642168929957,2711.053373051233,889.3750040051139,3263.3008819399506,1683.9865900736513,1924.9280980717851,1220.9223716494869,129.4217533749677,370.7577111553053,1281.5303562669144,2354.7084701268664,1921.8767118755281,1378.040835314571,735.9770691961941,3308.182110568322,4613.963147716623,2422.9849663190025,1229.8860454195365,876.3451858798906,989.3557072673557,712.8350889195608,0.0,3055.347628349352,2116.951441925871,717.1732849733321,3519.1927305354634,1342.310947003918,1191.356233501769,698.744066985126,4263.518616294275,3196.0258572469093,1330.2511891104696,3182.1338793704963,3889.884351636594,3447.9517350957362,1537.5892439455756,371.33990663083966,1785.3000171621661,1846.584270519874,257.8919340836826,502.446573836363,518.5200008346907,1932.814990401383,1099.297279124959,1902.0341220370415,3524.093439005651,2603.927845302298,1457.3908434148034,2271.994263876142,2184.0420486639923,2730.451857045848,1759.6084331881814,846.4922023606957,2102.5044265995302,379.92584319195686,1931.7503890080754,1935.8422008450202,638.4227465380718,2752.8594547035736,-561.9058571502376,1885.2336411944548
Woolworths Henderson,3081.939122924843,2822.0768853388,840.9467613243617,3504.9382918312417,2487.0751330026696,2429.30481584714,-539.2105421439737,1949.4630926627733,205.4523756029916,829.4675031127657,2058.537270087676,1612.059622567383,2358.5202397967837,1266.6694612214728,2611.1339608300464,1711.74708108753,568.3342860754663,3217.7490727884588,2158.4992174130934,2364.844806555542,1877.9017523008313,1815.7683179469643,1746.5444385749051,2629.6932272849945,1093.359336565006,491.12283378772054,0.0,3440.728815988996,1700.5494896158893,2066.415619651114,242.22553099714642,1216.687312711862,1640.4300675538307,2411.824604024153,2414.1028708480353,1588.8807548038205,4156.344194378769,2522.812019195048,2555.217063281202,2387.7645354727892,3395.5170769269616,1594.0139813027222,1736.109034386811,2029.6555875633733,897.6804748881859,2246.167857154032,1243.72739027166,2288.5082553520347,2389.366917554961,4873.546519662083,2943.4863280703594,1913.4631721417516,1287.5531956066975,4971.85993538536,2743.670520526093,1200.7049944561638,2097.824133659728,3209.9682771491593,3050.164832741638,384.99109526667417,281.020578722196,986.808855657208,5263.276206660707,601.3179959583119,1265.6997696725286
Woolworths Highland Park,1315.4615068620906,2082.4944724545353,5497.504872365103,209.67437726466434,2305.324228500394,1460.5176152415077,2831.616832234451,1769.1884053957476,2794.5680692706824,2515.594924343408,2343.7939518491225,1035.4877266678034,2288.3545535951894,1668.8356003589483,2594.518437927794,1308.0866503718103,1987.3468192660416,2771.73026379773,3101.8116243392765,1033.3872478179346,2942.400807947613,4202.350999830436,1932.6040686287397,1899.8263814564275,2757.8721035610215,2635.1010640525146,4677.21813100098,0.0,1707.6384485066972,-14.071972357535913,3469.4817710927823,2893.5905625569653,2356.2085554601254,773.8318186145826,1652.341717445336,1037.1955066281587,1343.268041411832,2280.9700656442583,2422.2806874965827,-13.971189240222657,3501.401375069076,950.8803565566034,2399.2691263282813,1218.187092103095,1639.5482979437618,3322.7381094245657,1441.8462743148455,1370.9884833119258,1283.624453646241,1431.215223177612,902.0495707812759,1690.8051368360843,3058.259258826651,562.421648322814,363.93369677039004,2855.45687906567,2469.2623393701024,1402.7350035762934,2957.6447732657425,2628.7418521948457,2015.905683275707,2208.411589616814,3303.4924231614723,3320.071463745957,1834.9457597623596
Woolworths Hobsonville,1833.8637704263485,3240.5962808857644,1940.4300314911156,2771.7415580113557,1986.2245941583417,2726.7536618669724,231.64812626004004,2659.6757304005077,1208.2933019625934,2158.3206125446704,2539.0039374993476,1845.3331631806882,2138.882232768614,1153.9132237310328,1732.266388042512,1155.382887734611,2216.257213166846,3192.8971425154514,1150.9845122941451,4408.052061765107,903.8830025083796,1221.8371707266308,2922.0024217214454,770.8576754808701,1960.68264239977,1803.416898113987,1285.6726608128724,2719.0054880521357,0.0,5385.508478941694,691.5219500485281,2097.358075990947,211.45567372283767,2578.4778779084145,874.500619556778,1339.690151976384,2735.5324088390316,2797.5316261070366,2420.3980964406433,4849.2365543454625,1265.4825277953141,1286.0962028774343,1857.4263372742016,2493.880491183795,1524.559582912303,1156.6678785626164,-177.743851570282,2566.520659266782,4343.42218039224,3188.9317647186986,282.907558524601,1055.0659580304314,1332.39980142794,4258.959230810004,3443.2438213710934,996.8780606518238,857.4036431826496,4322.312224597983,729.8715618767994,683.6619436174624,558.3937839752706,2460.4697807328803,3889.85504647251,554.900969062252,3198.237793736328
Woolworths Howick,1921.4156053762902,662.269317179572,2911.196640142203,-394.374870341597,1283.3826562291952,2750.2563791875846,2354.1006384479206,3355.0356318988424,3793.4906894260544,4627.385964159719,1874.0983127846328,1493.1992819854224,1449.131520679046,2216.7502604980573,4414.233468390454,1751.3580373471264,1855.3582839379192,1840.2015442023135,4066.616027518891,182.4513796598073,1741.4046856593593,3971.375949941272,1695.872120971566,4348.100928055632,4637.331844802809,3262.3324337437957,3072.1539719749476,523.062849042791,3774.3163716007216,0.0,2801.4926444342605,3189.3636207356667,5167.475373562752,2665.365062892797,2271.290713710215,774.8803017969709,1621.6852401553292,2650.811650776605,2730.242481771507,299.09940846307677,3547.3449275180583,1534.093368050083,2548.638799130715,2142.7231210399054,1849.1542368476696,1169.8203909882698,3071.590217522063,2537.060389132478,1359.1759738699222,2178.7139040524244,1256.2918020120405,2751.5011158278667,2068.610585289899,2207.3964550357023,1061.4407059804184,2676.643447656161,3705.8496774993873,2752.5164401227166,1766.8814884510919,3837.6417820731785,1364.7467846947773,1310.0345231295016,3126.1376160329796,1754.8922020204147,2498.2072852725187
Woolworths Lincoln Road,2625.587211042516,4992.3002966054955,1001.2722934737085,2977.9216501021683,799.2596815188317,3256.4035035540765,618.4297287545434,3539.562679395827,476.2506787448587,2005.2625486416491,971.840806789778,3291.5190715329236,1884.9778935130103,1451.5154983441225,1824.0403433491915,1636.0317294811598,1190.91354439501,2355.600619690458,691.4056110079456,2913.0715750759823,2079.724584183246,1691.466777738543,1326.6630975898825,1739.3933658557187,1764.1751088968224,3129.2587368806007,525.4657465813658,2445.879058843538,906.6486343699894,1269.2771227161747,0.0,663.4829542753364,820.224882647145,2672.2086433738577,4027.467664015936,4034.443662107832,1983.9094523119884,3239.5247788724582,2379.62186561648,3571.3675679267953,1334.8818545738923,2645.3318618099565,2648.666596761377,4259.101528328107,1121.181464675815,1256.4073521521707,677.4365798734187,354.07241722031836,2157.502666747668,3752.817961849107,1396.0785998500035,1680.8323868847715,1081.5800245511339,3039.499576557591,2794.5777500519716,1906.989745381181,1527.077459959569,4171.95472847776,1882.875372637104,1258.144310062999,-102.48037215805863,1247.5285548389215,2136.1785394512885,981.6507397103875,1175.3235083907202
Woolworths Lynnmall,1839.451525241789,3754.483131099202,639.888867380389,2909.795471356186,1614.5731868068012,2537.7991508994023,823.7010579055689,2411.154729397962,2183.5248555656767,720.9037113793631,707.1169456614074,2059.007017523638,704.4753349768822,270.70810789110163,2072.172092743453,2266.0338597953782,1490.4976104255252,1519.3931934549346,488.9632573615388,2564.61641363993,3009.779383391503,745.8695928442228,605.8512724426582,2206.4231434048397,-333.76957225994283,3092.886629323866,1197.7919904379787,1766.5420268382443,1473.0312582177946,3073.610956379661,947.9363325364446,0.0,2650.547583579823,730.8492001237003,138.14580785160024,1649.5967422641538,2339.3325266848437,1335.7362129436951,1748.0797235001328,2200.4179745612428,1092.0336386196352,981.1678045343743,771.0715544885072,1816.4528972383594,2127.319506214994,2828.449823008509,1593.3978065327615,873.4368463181931,1400.0495143159073,2850.875102307777,2837.9864966281584,935.9594519097468,1371.5809781693129,3921.3773899271155,3675.193880831712,1156.6497855214946,-398.18790935978586,1850.9389404683593,2313.3148723127015,1708.2617859790532,1520.5048026029308,1009.9324162834154,2852.3102356639974,121.62497552475043,379.64454258076603
Woolworths Mairangi Bay,3034.922994542015,3238.317714147037,2266.3990459186207,2645.146753046262,1700.0565124156453,3924.3060092142905,422.42921971298506,2113.8374378453027,2876.187022660563,2578.9310339780473,1016.1899231078607,2516.192883220473,2756.487562135999,3359.6702024132896,3504.7257583151386,1599.2252218388685,1681.0110390421532,2126.0507258398998,3135.865702133546,3135.56066318999,43.86462492880048,730.5591368561004,2106.5706461057707,251.05616195846352,1936.0993813340501,1421.850593007397,1461.3116205767535,4317.260391083228,2053.9767136626815,4477.769917339887,1516.2802833152755,2401.330906133612,0.0,2704.333017742054,3618.397088394795,2248.094557699326,2885.954750941029,2584.8492520102473,1927.2986354820578,2175.056787042179,899.4792247199634,1168.4160942988076,3102.1792444543717,951.2246719524069,2635.803974153594,1365.6344508985503,413.19683472018596,2419.215069129458,3686.8674457449233,4192.830485097485,2838.403007353644,1671.0340293904708,1652.128066344038,4522.281661162872,2625.0099219967033,1278.8993954495786,-14.442318703473006,5225.157877610667,833.3303069187159,2342.0233762026587,2308.383061168041,2123.0906823785426,2998.241676784856,752.3820609897138,2495.790706140439
Woolworths Mangere East,1701.7544291044055,1342.264805775266,1622.4290855312904,2763.47903935595,888.0528500975995,497.4487713277188,3696.4596736071176,1429.3368057740236,1863.219913447624,3182.471228745432,923.3490442615448,-236.01555998431104,2911.43976225516,1556.8196102253835,546.9787829095533,3533.1044198048558,2034.9020499885833,2601.3662855206035,1308.382793611854,2213.277611122665,2063.990196958961,1762.8510548786337,2158.4742841053862,3433.89191945299,3047.832940622662,3029.2939202307507,3042.739934660997,1782.9752424368814,2497.4386390270715,2053.930596042979,2228.5125049711196,1962.7366325805883,1964.1473835501504,0.0,-381.59446885065853,1724.6772158652825,902.6118304115201,158.1007949084492,2841.6238320043217,2255.55499658533,2146.2343143335524,1809.7347419069285,1198.6783007981417,1559.358806040306,1948.5984689748345,2030.3776424112093,2857.8792944039483,634.052898279336,921.188520285358,2049.2800201063696,345.4564094718359,3108.202539770861,2014.48974086791,2103.4447908877532,1494.3114792206766,768.7826482510698,1352.1957914295717,378.97416391387776,2763.63068418847,2245.099545934852,3058.2369268582297,1097.7045766167112,1134.6819664086745,2135.9704504893725,259.67033577721895
Woolworths Mangere Mall,1903.043951768956,1414.92358405496,1189.6738650402167,839.4610023794944,405.501708290262,558.0529156276004,3138.7388506485677,2164.9816447208864,3029.005229761094,2409.395639364699,3750.846069164829,3473.467066648672,1924.3185616484325,-351.042149937045,277.0185289218307,3421.838644062064,3067.5073723856385,3112.874808158123,1340.640490332528,1109.1206102793503,5677.835166443185,1745.1939155237385,1287.422552007693,3968.568965352199,1621.0840416677615,4527.4612128369845,3650.8426713847216,1389.7894812061588,2575.405673407331,2290.9428345849483,1596.7456637331857,1339.8057518146823,5002.488748848269,341.26125992248745,0.0,973.0077911336385,541.1615166389256,853.4618519909443,3081.6090215113036,1428.312550378086,4339.310162289682,1322.728022594183,-391.7114776306414,1732.342072582834,1414.8114107491574,3124.9235283049115,2461.240527632512,1238.1969226815393,1466.1584554820008,1441.2204101223083,265.4918994594127,1808.9455444420332,858.7898404728729,1000.509663678179,1261.3082737842246,700.0143312799786,1913.1367041008732,-214.88043736427198,3462.361281353778,1236.502981190396,1521.7693745604465,915.6197216835742,1489.0082244566242,2963.362718556599,-300.45667538649883
Woolworths Manukau,1103.864075733363,628.8061937876148,3167.4979415533235,2244.595546464764,929.0548503547698,292.4509797833825,2372.060282114725,1685.682186324072,2418.51642746362,2957.121347040722,1888.2416598854986,1910.3167360006767,1892.3846152058777,1142.2466627111667,1086.1552407974195,2666.499557017211,1085.2779590154794,1748.0723288363413,1478.4963899776608,1746.2858487757635,4439.051587109314,4455.861799924582,1667.903775154367,862.7393449900244,625.9422860343548,3113.5146699880306,563.1878961520201,2303.920072705797,1703.173098496054,2342.823556169473,851.6024022813922,3786.130378479881,2562.481126746837,558.5384748444328,1034.2365560756634,0.0,-7.923897911396693,904.915159003245,268.4604456585173,686.3302821432305,1768.929089711818,2481.871348612377,1556.5901986108206,624.4332967213379,1819.2377664144856,1466.5822205779823,4466.608009603943,1651.9606587364815,1381.5562165835677,943.0056511014465,686.1856296055839,1646.6305805633535,1856.1140588187272,1070.100997188686,518.0365051397325,417.4370120218073,4287.39347644257,424.2602663861102,3294.5804711110995,2226.6261060093802,2552.7739472371204,2241.2867191423816,74.51048730110745,4094.3231255859596,1597.4313070204348
Woolworths Manukau Mall,147.7441841754653,200.08131056697596,2232.90193443851,1944.4153484522271,1379.7170647898467,1526.0231815453183,2960.2272984605547,1084.5006466786901,1583.8631508062103,1966.4375968128807,2210.846516626919,2111.6699387634785,1046.2864700638447,3187.849715470996,1225.2839656744065,1430.3885393337605,2246.7965135441027,3277.176846046529,2053.640880476188,1388.9480751093386,2927.5219711779123,2948.5374950934765,1121.4119886044173,2056.6205107004366,1649.5623868560554,1456.2881484145455,2527.557601733187,91.40658125349864,2642.198125991449,584.5840955271074,1918.7183043278665,759.8460327467178,2733.490141090089,652.6474275520492,377.7878111724291,-63.03631060268356,0.0,1178.2522208702617,2061.4366101635765,880.2409087466071,3951.633852542395,1474.1677818723992,2162.151295990574,1684.7595593358708,1884.45442651594,3186.816894672763,1433.5331494847994,2004.0410782419003,254.93803536507994,1050.4794579358922,664.9078289861229,1774.924796265761,734.2297023532508,1122.216147000918,1143.6499986002414,1787.8562431397543,2501.3548021745837,198.6274510255612,3737.376699735901,3095.3500050577263,3060.946155753407,1953.4991214441243,938.3687283473963,2677.3196114181756,1167.3586329003078
Woolworths Manurewa,3134.601798747889,954.1602366517488,2263.2993388557898,2122.7946749023013,121.21237660630823,674.8161243256035,3426.9269621974404,1465.328752162236,1686.74303295064,2134.7261202009768,1853.7066977135635,3593.789876808746,1903.1164241522251,1694.2295378319936,1756.6782821636302,2931.450826504145,2078.267907332658,2660.694841856733,1652.1365036570824,876.9039936423632,3840.978094009892,3937.610883848656,263.65085380005644,3633.9121596523764,2328.619812890969,2165.4348446747654,5668.399568412729,143.264113042467,3750.0183515364906,1277.945215164175,1969.9929529059214,2859.2094537654575,4036.167304047405,362.6577132355583,1091.7813806522865,1023.8084228354014,1383.3784853423017,0.0,766.6187703643554,1065.3699311808277,3735.5552619728305,2716.611713813036,993.9836028895832,995.0437905943897,1730.1736201370522,1489.090853068667,2028.6136784337648,2856.4194263742575,2204.3045936648527,2465.1082543646253,1353.3763622302533,1473.3880075735715,1656.1342052105424,1430.947677285538,2354.3902186225596,1961.7768947762781,3724.2513336547663,1209.922193327076,1293.0799427473673,2037.8036017145125,3010.380138645012,582.4054748476019,815.7512637256057,3100.8476327231583,1836.0614769107297
Woolworths Meadowbank,1209.0296226613843,3014.0305535960188,2585.154409345295,771.7534971285888,572.9287155480032,1365.0031950647915,2240.5840096600127,521.091300968618,2362.779970836648,1636.8054130529433,-401.1754975112117,1231.007319658699,2260.6701151043812,1990.9161049806285,998.0175295024512,2495.690377602494,1127.3554553560634,792.9930369705307,1643.8824159263133,1046.7015317201005,525.4933390752171,1049.9779641286882,438.00160923354093,2164.732805281861,121.0506573077198,-102.1457851367245,2480.144729946042,1544.097771867824,3152.424800435196,1564.1352192532418,3007.9292448251426,1280.5711035264321,2203.3363904993735,881.8471497835245,3851.1784687734653,511.2363601597781,1158.2858780748043,1480.8811342054246,0.0,2703.007413201268,1708.4552485356548,2442.5411081746624,2308.4589864478903,108.22100893977927,1128.9768530029487,2354.539015748188,1288.484216162432,1601.6926054749933,1206.5317648116763,1682.7226089026383,1729.9947902537972,1445.3330710123046,-294.3166624426119,2534.854153832653,105.23667999572405,1908.763439895561,538.31455140774,3324.6413800651912,1804.669966463872,2109.903648901544,1942.2501765289342,3015.5677681959987,-503.7313953005248,-2.190911110435991,889.3028688596303
Woolworths Meadowlands,2642.3287706985952,1539.6339991314048,2028.6441630485751,739.4769144238899,1903.3468785137075,-554.3275317468367,1949.2327994108598,2245.4378527109784,4397.92610733019,2337.7538685657996,1817.9934617704205,1855.281055908205,2900.6978497918262,2829.7959749732845,2713.653717245848,3161.604974664251,372.2953244665164,1127.985261765484,2498.0847050568655,-104.34246606561999,2864.393090470549,4949.705721782453,2255.4439400271203,3970.941357592526,2240.319432296861,3249.615869750005,2209.418449433627,582.9107218465608,5144.545285861214,193.38547777769776,2824.1823064302375,3110.4295233246166,4237.13683901765,2032.8493272330459,3576.4122258851794,2548.447957786105,767.7372780300364,2702.848466362224,674.9917864116028,0.0,1970.274065636235,3346.608286027067,2704.5181233153025,775.0326894328512,1453.910120003543,3162.6823384887466,4682.219508912173,2036.2132646400032,1292.8893039717623,1900.7834867576516,1972.4507408466875,862.9329993306796,1860.4941859768974,2393.3802495405434,2155.0358399751403,2159.5191087688295,3373.033846921446,1893.243520157697,2491.411257643878,3054.0929643398485,1800.8508802816564,2127.801029291283,2336.0905068506895,3268.913026241744,3365.322973234373
Woolworths Milford,1249.2864536572565,2674.4988880568026,1894.9158743387877,1469.5609733398717,1483.1887147223001,677.3153435258328,4557.6058173713955,3799.5490767672013,3260.621008778257,6110.6511732695835,2764.1668594223474,1226.322808474247,1841.5434445320657,969.4835129372944,3675.2106264573545,1285.124991840274,222.9865509987069,1588.3467632987283,895.8092482201785,1753.9917942888342,849.3140137851758,594.4461911461642,2574.866805025421,484.83866876255615,1262.7699788267253,640.3860978790946,1618.3745595017308,2770.55441770646,1592.3845756815647,4337.497925656927,935.5811245036174,1204.8895439886219,860.4245336843813,1469.9621056219785,1631.070137266785,1560.4372969272256,3581.5599993106543,3563.2183521094253,2777.193897477395,1928.5951006634855,0.0,2639.1348635722816,2512.5192061787247,2664.8080123950576,1189.8858116588988,625.3850397953053,2549.1559736807158,303.4024286389747,2057.842155103525,3608.026738893511,3526.8200961455705,673.7895147097407,2310.655295382482,3318.30099907854,2230.4981774401112,2307.046058771439,731.7559277787635,3580.1331442397636,615.7355657659338,2145.5098149692644,3669.404714757602,2204.2446109560005,2961.096195303373,673.0264120258696,2705.038464143429
Woolworths Mt Eden,858.9175346995473,1391.226510240642,1767.990820900105,3273.8774559488247,2187.257893717676,1167.9717761220254,1272.6152694011769,2733.6124027192195,625.7133433088923,36.33208006783775,529.03011401806,1196.6578069394845,629.8848524140936,1040.8034415275,1636.5404537447803,611.6802981396493,1284.342672331879,1804.7362682646542,1061.561061367505,2457.422186914635,3279.9109148771286,2184.453585649903,415.94917764382603,959.0611661254572,669.6463905364027,1636.9620355682816,453.837236791082,2683.4256749352367,2332.4529766600986,2321.922610144938,715.6232278241553,1015.1863463422491,634.028441805613,1849.8672355004724,1719.9708796798418,2252.846125843443,3063.6764231934258,2478.080943764366,1296.0041699873327,2938.417045475675,2176.0592478573017,0.0,15.729885062152448,1150.0629481949295,417.8628831027843,2916.939577680486,1838.1721032247042,1404.8828088905839,1347.247003548184,2492.8552403389067,1837.6148080352525,346.71432735517146,1047.6407253497866,4782.777412050798,2006.113456900978,476.4128247773486,854.984966302385,1378.8406325197939,1744.3976175720832,1573.7888926800683,935.4512852221044,470.5707172074599,1614.9704892411435,1513.7778438475907,81.9691977712564
Woolworths Mt Roskill,1350.2182816275986,1546.4529941162614,379.0465983157294,1482.1579135251768,1326.00619934226,1435.9701463906438,3120.606322192374,2631.0946453912634,576.6715786536331,1320.2070769987188,2415.26825034211,746.6654239625478,1612.212142656338,577.0410556352853,1018.4391217173866,790.1736438465712,1873.765308433989,828.5160181862274,87.02329181547941,2272.5745362959633,1870.799680265482,1027.5210117321683,214.28118420553153,3118.1487421200936,23.33347522993631,1895.9862843121014,1140.3647106983558,2702.3835175213453,1918.4762747116865,1789.0807302891594,2103.264927728747,1087.3352011576808,4457.604132175524,1446.794740755101,873.3246440761312,1376.5631751695814,1008.3434534840043,253.4737263099462,1170.5555560434466,2047.6034556381965,1470.2720842612753,132.38607669887847,0.0,1646.3054085955027,764.4150527421897,1293.016668073375,1850.7698098962383,957.9511908974918,1826.424514517878,761.4393689575068,357.8951412751119,1002.8320615547761,406.01173638496806,3873.5722882668765,842.4436817779133,540.4918143835989,1494.1877202035375,3055.075619718822,1008.447978453643,381.22581825028647,1525.2581917823718,611.7281769080703,1842.689122401158,1303.2381184674136,1588.7236098729354
Woolworths Mt Wellington,542.687520098251,1114.7361637536164,1009.0669088632994,970.5395528612382,2136.8384227889646,222.31498820379767,4618.402562763906,1174.9487174267413,2154.4478995504273,1931.7661312939613,1158.932933450442,1909.355393450666,618.6609662995609,1274.3130743401766,2257.2615272229664,1838.8878484955324,1532.8272833099134,2537.09898372167,2984.3415736750467,1118.3858617487235,3558.3678470937257,2654.945531730786,663.2347749016454,2797.454254637684,1961.377797164504,324.3832429445415,1063.085509204392,295.81479084977343,3139.5616617780797,1524.1205860517196,1170.2483780179002,1685.9774112644484,3364.7177102037726,1137.3639382526555,1940.0494683849752,899.8098813865244,762.934397319885,720.6281854456332,256.14972117671243,-1127.2898230012577,2302.1850992122054,1882.390516487094,10.286144107420796,0.0,262.42490920483704,2426.7751073114655,2363.61788818595,998.4104301462139,688.9540659522766,1547.6741628250966,464.51849656917653,773.2661880289284,815.0162978820642,2050.426616607306,949.4021231931406,1148.886023447637,2671.9912653274587,56.60275702112858,2269.944207058494,2970.7213438646268,1749.0073804743672,738.282676476396,733.1467462515458,524.54156215242,868.3260353529048
Woolworths Newmarket,472.2869234925662,2343.0634378012674,1172.1635873298019,1581.7792242283094,1558.633866092251,1177.262814656018,1037.1476388177744,2185.000709743325,712.405793791504,360.7338517430155,530.6726518857838,388.9800773872048,891.3406555334944,1554.4844107129345,2197.471431031573,545.196411353257,1048.2553112857465,1748.2864074394201,1498.507764483265,1054.6168248761037,3821.7467726376017,568.9616955760791,66.87566144952757,2298.1497135330246,836.5648829447783,360.86109029421584,1511.0609404137463,1569.0933958422722,1430.946906968269,3171.0901429284722,742.5189816658769,2115.8520810598557,1064.128420595278,807.3086265524344,2006.5293899037438,1903.4327181626013,2904.949773203618,1225.5259066141443,602.6682816788431,1603.8424492403017,662.0747625666468,50.363108835352705,629.3984063527184,1340.5980900049503,0.0,1365.4837714187088,2216.322079323252,602.3536614933406,1325.9048443555887,927.3558111145337,1301.5446261018255,865.9496574347023,642.9967338552724,1423.176831134247,1332.261743071429,1044.813549650226,1064.1698571292773,487.1073544100716,895.0764198733175,2227.248447454012,1451.1421632141632,580.3756829824849,2874.412385480458,1787.9217958907839,2016.3667375652317
Woolworths Northcote,504.55157045044416,2068.815322564966,1298.3055025018448,603.7389166493915,646.2009354160489,1506.2533840853937,1707.649540480784,4696.501519288457,1894.5734595755678,1142.394020603719,1037.3122270911767,393.3598733915284,1062.2606163070038,2245.4725397112347,2942.3397501450154,1664.9224172586005,1971.3232904301992,686.404313263917,3647.7111908522074,2540.7272387596768,931.611705283802,166.07914235677856,2342.6989415742933,681.3695656960058,1496.576847533939,208.6467139610901,1853.9773467293048,1885.1328798059744,1198.355009754063,1848.7964073610372,3266.4315731641923,1357.2997998656988,1075.5423483450904,3286.72357080571,1616.2871928734098,2430.5288058684005,2082.6008628300046,1436.0142926216263,1571.5327831278871,3775.716776250898,1189.6433820917314,1059.5199556734726,737.9028248607173,1827.8310411136868,1168.4853997683115,0.0,1626.9080385166037,1842.691999854101,1545.950895600534,4634.826133435245,2787.054626303142,1050.5265110447006,-222.12212523674452,2363.24921228912,2084.9870978859476,2226.551851920329,-18.672896775281174,1043.5679940415998,910.4208712116349,3325.293860108593,1584.7340525174325,1785.1504546998085,2257.3516342889475,2168.7485330285735,891.8115624413124
Woolworths Northwest,2123.2038205622075,2909.35467081147,1828.7662745969685,3823.9155057626353,3071.2099970285053,2074.3761887177425,1167.4864244582457,3942.179958833894,598.9566002177735,3026.8201551253396,1971.2715408995484,2117.9797363936104,1085.8597716581246,2875.351206532454,3019.9535330018016,2312.5752493405403,1989.0537118259783,2897.4873384808534,2454.6603913263402,3232.9999999770894,-165.62278429330945,1047.137051432364,3090.0642083526723,1637.1852931497865,646.9140708190353,1716.2700574054707,1694.3049738364064,3039.248417902185,1056.457007498742,2376.6080811978522,503.52696614513945,1421.0283736738297,1058.1199216833797,4448.907547227714,4168.989658850513,3486.621024995188,416.03300940809277,3935.0123378001986,2028.3378944090605,4658.419887836391,1991.126480477266,2321.309248099411,2225.34023483691,3142.229772084743,2406.5222522767954,2715.942262117571,0.0,2338.391086560889,4308.358297612541,4424.224050687301,2323.573510560765,2412.337382519474,273.30721784505204,4032.473583597557,2305.698628885473,2120.402228356017,732.3497501119479,3523.8944380459284,2524.2495247502166,593.4016804841599,221.3725127398411,1402.138608801466,3895.260368325081,-194.80084722000544,2419.285266445509
Woolworths Onehunga,682.571305772085,1401.8654408966936,2110.16011835337,1227.3439946201775,424.2145733109097,898.2220620977432,714.9995371554519,3163.1041738911927,2403.89600340939,602.345574540345,51.491511819181596,1627.414496828829,1082.5424931794473,1368.1896642506767,287.1501669995563,340.9974490359342,1001.553347720564,1786.8831397711067,785.3691513411095,1870.7868567177438,2834.9630511788196,4507.178337367579,9.827070820700214,3581.8989463601906,1217.090474635992,3361.113479448051,773.6968237843855,2200.8206260707607,3679.5043643175513,1558.0459450196781,2754.6767861422445,2903.112091849315,2131.430986962912,365.9129132886384,606.9117096484911,1235.5854329296708,1433.457078758958,2346.25957436139,1115.923174088779,668.0725909644084,1629.6997767784396,1323.099692754145,1433.1047588508864,716.9729827699448,802.9283456255521,2215.760496065802,2164.7853923313446,0.0,1025.3751984690286,1392.3426147375123,2535.0440544304397,1821.3233840078829,1410.81091312887,1144.61652429795,1233.0892934126534,825.2838538674282,1529.7329991332847,1939.413268819734,3683.6632668879906,2952.2146140215586,2119.947567597546,1252.8151161877502,1170.0582010415403,2069.3130468324125,790.2062556989725
Woolworths Pakuranga,732.6848879608879,-318.1419417509178,1585.5880787326644,935.4694718313253,1061.9895219818136,1052.6881431121376,2082.841953208814,2329.542006725314,4205.333192207252,1429.4404714971015,2790.139868803176,2393.9670515811495,1667.6275219074184,2783.756382515953,2030.684644821206,1203.7821217371402,668.9238513673974,1775.7612252403285,1442.4589367094086,453.81361195576903,2718.9976434262835,2794.328713429064,1323.8467580593913,2109.5011071277277,1295.1377856909705,2143.422496316206,2836.3150818319978,-243.8347635001312,2622.517932324949,800.7981087783028,2451.787891609516,3512.9818568766927,1024.3111062438343,2253.923759937148,2523.645058216617,247.42984095270708,444.44106746038676,1624.8117625802988,1461.6526502790136,318.7471202002655,2382.7632586189875,869.9296738616057,1551.9635934718465,505.69803512907026,997.1694626837509,376.4611974403015,3369.555886594716,1192.4237157519806,0.0,3151.954324654828,1446.1124021901098,971.7771575682923,3240.312426936296,2389.094625662904,987.4004263127588,2136.362980922804,1308.3492107924749,1241.239929632059,2101.632160547185,3273.609871100929,1773.712887659936,1927.7935545659946,1859.790393729152,3348.966692480216,1240.9319369588143
Woolworths Papakura,1464.3341860692904,927.9532123890561,3750.9828916908714,753.0621523387622,1229.70884302299,600.1388495732617,4683.752980972409,-359.8040218679372,3778.8254511130267,2136.8110372933015,3143.1532921521343,561.9956672837457,2712.563934821196,2147.2296452934115,1928.8125551785174,3425.7875724919686,2353.137034253725,5157.834751263606,2701.302542092201,1715.2813352412873,4542.292167741216,3600.9357577728347,2783.393868314629,3630.94909460918,1957.4969268491852,3357.547374634947,1774.3499851561862,3507.041748981389,4472.663119517715,3052.693843580193,2886.849648289268,3178.0904980698983,3779.0302100149975,2276.0731995371475,2643.807631366521,3322.5628842279457,1062.9444132489775,2328.764152162138,1341.0048620468049,2515.4393359069804,4048.02283300577,2394.8848762376315,5622.3045980916,1916.6811351592348,1558.4084631859912,2303.4904985750254,4460.802354991404,1664.5986337697536,2607.5182575927283,0.0,1128.756333056647,2378.2712418654282,4190.796250168387,304.38916911091565,3687.268240838852,2659.688518660453,1904.5293859880032,-79.57039396935045,2016.9538740023083,2758.3176884640243,4440.353017346259,884.5276296524394,740.0501168040018,3217.215370027414,2954.605002089136
Woolworths Papatoetoe,1501.8210853631178,-115.45493105546149,2853.537353889658,3248.325041922903,802.5992151873875,647.0310511595103,4713.103188646979,1436.8035175063121,1411.6850275639674,3245.39240861108,1032.19587423221,1523.416914456002,4530.245263682405,1561.5030389780968,1069.034146957509,1187.2795023726308,698.8991510278997,2518.9129866330377,2587.836115396981,805.0799730247325,929.4398913122945,2551.481280669679,833.8676307177377,4371.845103888908,809.7120365724,3244.415689628222,2500.3719585007366,1570.366637273125,3130.7683625373134,2282.1433610283216,2530.4350497433866,1182.0221162141574,2110.6866429188676,300.4016982120179,924.4367312874432,489.3469362686481,386.4584688616235,1282.5046421161805,1643.6208543369407,1834.3736130987934,1887.5140902918527,2421.172900542802,1816.448312199671,119.16326087108064,1601.3283938095926,3445.248830998267,1184.8501798075856,2309.1091019947676,1143.6867587015622,1200.269709677795,0.0,1076.783759486757,2618.568729364456,959.5191004911856,1404.0053163175173,1877.4389345353825,1572.5756284086506,1129.1056212004494,3264.101103295025,2921.756587843529,1180.4574506329136,1750.43465884031,723.6740127127223,3286.0443901304807,1233.0254851516256
Woolworths Ponsonby,745.3924602916601,2311.9030651215753,1349.9156715124725,1321.9495536861887,1891.9113799333331,2293.49959966604,2183.2136780443543,1976.6782448220142,1931.0102610470174,754.8172313600728,75.88771764829715,1192.9268665126306,558.7285885434125,928.9814472341137,2249.9093986323737,1281.568871103965,320.99589929719747,902.5394530533761,-387.15547995344355,1542.0395356502022,3181.553781286876,479.4147802207683,334.635128900342,671.0916057458393,243.0742021454292,897.9964790662776,2835.332518109608,817.3550779202883,2632.5214986426413,3065.6560892314706,1144.5758202140744,1475.7317356612834,1608.9607935971408,-458.52742405077583,213.41855358582143,1520.9852118166511,889.673288506272,2961.1926675438713,1608.294936590301,2168.7279193643817,1016.416813592879,610.1193660114126,1112.8524279906285,1514.5319227763885,74.49832722304973,1752.936256267467,143.9649842161034,1582.251395297143,1568.3785065744814,3472.1611354476536,2680.618927235358,0.0,730.7763496646302,2964.3500306810715,1662.939031652005,606.7498182163522,1280.3861597109221,1055.7797833390798,1135.409251220262,1185.4537399271826,889.5414224244611,1104.9296100899787,3039.76447934849,1528.0014743533345,1802.294999738778
Woolworths Pt Chevalier,1048.386508888362,1620.1564039209459,1770.0077364322628,3263.25501095675,341.91194083270045,1671.511043624438,285.2748832388205,3102.54860934861,1200.1700356035503,2427.538703827394,471.245157031919,1077.8846371019083,831.5070976506477,-178.16252667581307,1121.42611944382,1041.4598657649738,588.9427171010495,1115.111354870998,884.0356894842403,1988.6000573505228,2688.821416724662,1756.7795765627043,745.7001663943576,2593.2498063475655,449.8323941752856,729.6962942306063,777.354776386637,921.0519957207603,581.9026488810042,3039.080947218471,991.4187945311238,887.3859635576966,-120.94945078345381,2081.6273492308756,1112.6107538399397,2916.0668664296754,1909.250523317028,3285.976154314862,2621.788534102321,2445.940727806804,1412.0983656010783,785.9669379604169,961.7770292949202,1480.4041534395883,437.0197722712639,1625.279845443097,1152.2440235643305,1210.6505408132844,1305.254522726923,2966.1028778812242,2985.6135076315904,509.4014023593202,0.0,3768.2206693135795,2545.815549192596,417.436761233446,1276.6234326470276,2819.8345015854557,1246.8637958074876,184.68730041231515,988.4018408844395,1027.2688666555791,2575.7618215509983,1592.4933300716789,1439.997958103762
Woolworths Roselands,1866.5715623220522,1563.8412695891157,3218.5394849429263,2807.6330244685782,238.11619789006,1999.1103684594157,2995.787363817966,140.1118054276981,5840.655575855705,2631.8929636123185,2474.367781635408,2194.278978573564,2101.888316272893,1645.2951438397288,2597.7323345019745,2930.8229148481323,2393.4601539007285,2210.9297569217915,1548.8316114320314,1086.06026271696,5214.163111584904,3419.437442330704,916.8420823833646,3651.761668151781,3611.122434880869,2283.1150494140957,3017.6018562508407,1712.7984543424495,4145.546965007654,2668.997423060342,4318.694736932082,3111.8891606860093,5038.80878088532,1642.9994306404399,1153.3962124587047,2067.240677878365,1296.2504157777535,1651.04730550049,2930.9978448194624,235.9460304053341,2766.5337329280037,2182.0738645694873,1792.3930319372457,1141.8986577623632,1392.1532851402303,3498.578400118652,4565.329031113136,2447.8371024299927,2616.9320158043506,744.0165704348709,1867.6088534579094,3312.2346562898106,3079.748473941674,0.0,1693.7844455982427,2753.5492895958387,4166.803195969798,593.6698615751479,1788.0942791196253,3535.442238622961,1968.175244370199,2554.448004489902,671.2593326114944,4854.046031245517,1183.7680955753885
Woolworths St Johns,1977.9542910854052,904.4037830902123,1985.8465090571758,982.1477929023865,2086.104311254474,1621.7237533342009,3868.5160409844657,2339.4022489320405,3808.92982502132,1828.9370123526764,919.7834486584125,2289.4738300643676,1576.7187243083858,1673.7824034234782,1853.5338086401007,1302.785491281692,1854.7020344911336,1495.0069783393994,2696.8596596712155,2587.7849831829512,2240.3236992346233,1942.7871946750943,1489.4727297884529,2991.5185662576955,4226.739801766493,1564.4566143345064,2542.766483675555,1803.0590500467765,2611.473782428156,1258.992186228508,2774.8731610120985,1626.6521298935413,3612.643232286703,1201.0509731659072,3427.4318896324294,-65.46162041225193,1493.1461245942228,2782.5057119668563,156.14917957053075,2676.791787165756,2007.2617384327177,3078.9683726232392,1778.6317348889725,443.5526194491224,947.9730219547714,2451.603464201053,1972.58221263303,1068.7887889182819,629.4795677543043,2323.903530223621,1549.370265172608,1384.5260333312058,3306.420850082143,2515.216866362541,0.0,1787.622659607428,4007.9017838390155,1333.7284604742454,2487.343560120588,2569.828825486045,1407.1868012924524,1814.5409309842644,2274.2903277648647,3061.084901032272,1311.4592239381375
Woolworths St Lukes,1244.7233426051198,3662.226664689877,1794.99024939922,1851.5047766911516,1113.9657251660599,2232.751097632431,2484.179031346492,1310.583057786114,1639.1284191465224,588.9664170826603,642.9949639686633,920.8195495510528,1286.7482722799673,1079.1948647342504,2111.2070559368576,1234.3325607233678,1168.8435921122666,1251.9227242201878,405.8675576796981,1897.2789716261627,1968.016235773533,784.4671631095075,912.7756211333437,1981.4226719418173,622.2329458592899,909.5891806185106,1076.8646296809718,2288.3249786508372,1334.1483412828559,2596.268699125093,1011.2410091274124,240.43372207074492,1683.7892904935106,2530.207026938783,807.9471972971367,3255.5623371136276,2189.210540213595,1360.8970169063864,1610.0655353540185,2430.878291980005,1462.811901378262,782.2081794164768,-224.6562887909467,2682.347603375185,164.56610889994954,1674.8066339964832,1869.9464278127343,682.4194366577075,2103.323318890901,2988.5715062892746,2228.8153010974734,602.3833528441826,1011.7273203539196,2566.8823661223696,2087.4757613337047,0.0,941.1081728337862,1673.8261633376628,1689.6975179162396,1602.3181365958553,1422.1877646512532,236.37097490762937,3773.974239470591,702.6650694114992,742.1993128512529
Woolworths Sunnynook,1805.0289878448868,3072.5397931787807,3144.9503718246474,3675.2238379253013,2576.3855431542675,1378.713274489689,2682.083579982417,1386.4253317946047,14.501523838207504,5342.87407046569,1255.946562176216,1457.9813471532211,677.3451284631781,1105.7106758287168,2654.3340780561844,928.5331639688239,576.554919488587,762.0897597763515,3262.7517032206097,2023.6081095445447,777.3174110229932,579.1651922499898,2181.355318185962,618.4365594219744,2046.4048525504647,1114.3539976373604,3081.769991896319,2726.4089946111135,894.758844423261,2828.5359725124667,680.5514290724076,2361.1885006926113,708.7602765194191,2238.740558662207,2739.206274536567,2602.8828057207593,1664.0715971940895,2965.306688812629,1764.82823230886,2085.0754531796274,599.2435921444347,1266.7655637252797,2429.2115274261214,2745.7469935777467,895.8237141749015,269.3907613162532,1419.6616149823813,1406.1423115953069,1238.521176135855,2883.0818682088934,3805.7010008593275,2139.655812940916,2262.439880656002,4175.09868818317,4073.653818269887,1292.5472542106263,0.0,1794.6491856133775,776.6941590587281,1231.0142951068935,1692.3403713318405,1998.762025122691,2216.09586860671,2153.6314047354012,2820.644910313269
Woolworths Takanini,1820.4790607192579,-610.0883929370709,3854.169920344395,2242.7017244202957,1295.436562838036,2001.5615375486427,1806.8800321840558,553.8052495835389,2034.7791534414,3830.251090548044,2622.2641371495542,1528.4792404988816,3965.34214613748,1918.4921553876688,2171.869317086269,2659.6887372798733,3041.595992368908,3457.370137558557,3242.0217964708454,1851.1763742223698,2946.3908907422674,2438.0233801829118,860.0345963810388,4821.184917682846,2448.0415139585666,2183.6719720684137,4580.45362199802,2650.849624215111,4022.158256524106,2080.379282870707,4081.418234259732,4367.607816624624,1974.1508657913591,2958.056727318921,1008.9172674298593,976.2380874619704,378.31558962017357,1105.450325809471,4287.573462139766,1341.6696560942976,2960.0485400114903,3320.679506444523,452.1893825955558,1326.3729503439772,1872.0482409328333,1993.9395885711517,3571.2999009074624,2163.2995867273394,2644.4801009695498,408.3603651297927,1358.4196837024629,1302.249176317214,1529.2401939707242,367.3940846520761,1872.1045065669782,2646.704110639976,3952.9139327950124,0.0,1450.4236853264665,3374.4930383785054,2292.052774233422,936.4836374512658,237.33272534387174,2673.7096212881943,1749.5355293742193
Woolworths Takapuna,1680.4146053011652,1623.1185149811936,1174.600484460741,2990.480546910693,3859.992627590778,804.8641657222531,1715.320587822493,3506.5911366752757,2152.3007097458735,1357.5349503086998,469.9296892413089,623.1991909954576,761.1095425614598,468.3193449261569,3376.5395622404308,2199.3016360793154,579.3079934138998,373.89733443078774,2654.6871984296326,2541.995933110594,1065.3026457319095,832.766904382434,1326.4306948124479,910.550760558842,1084.4401418722862,-449.49864467050963,1494.2907613623747,692.3154646403739,1534.744630485462,3882.4148618254267,1572.11289045213,1872.4203826819976,1642.2547792728078,3477.2795711933654,2107.9868383769976,3544.95023333696,2815.093302721057,3042.5942033208757,2006.2696263647163,2810.0895423170614,509.9921613979762,1283.2424725949709,2129.655313279236,739.2675292750379,1922.7289366091106,501.7486147172581,2952.818507083439,1666.5754453360078,1816.685708331379,3097.041086953359,3660.097392002397,1224.6115883789068,1613.021455995026,3053.5776550054775,1959.3404248514269,1700.0645664452272,668.8700279332812,3206.410314507201,0.0,1570.6105796142733,444.6170011414297,1042.7567516950799,3934.5874626711056,2013.755593472376,2230.232502830587
Woolworths Te Atatu North,2655.9526366763057,2969.593798654012,1224.8956406733716,1820.8648057139037,1505.6572426071234,1600.8316345390936,1815.392582289432,3069.089366588187,321.56948194691495,1894.6196070218984,2104.256142631294,1399.254983158282,1800.1517629884147,899.1601690840685,3361.381439059285,2141.840269812023,963.0953685149091,1487.991155614306,1759.7746128869412,2584.000488517256,3153.734231762609,996.3048718314176,1684.2385129212907,2181.4422898059966,246.26049174902494,2349.8152613471566,968.661108937353,4046.503457401088,1412.4271357352786,1596.3965019650345,1162.2198709056572,714.4337397562217,2970.7458521164713,1798.0313708688366,1540.2240840767054,1608.564221331681,2260.699167172072,2953.484515442201,1584.1671904961393,2850.1117196136693,1658.0392823880156,2065.002095080042,1484.4002520259146,3234.7128707258626,1667.9058709002338,2299.5077808852984,1412.2200610305572,4289.224037624665,751.280749962466,2649.291355983953,3146.4679118237414,1117.3699541002377,862.4153737428068,1411.094281506909,3201.0925855431196,-86.1320281391204,1601.4023871503507,3663.3054349651775,1375.2263778527886,0.0,921.3313989745625,668.1821046638516,1977.6395143936095,830.2423984965731,4328.480285751306
Woolworths Te Atatu South,849.8879628808891,3906.148614983041,935.5811455657898,2004.6205088684658,980.0200393233592,1250.3864527706176,840.0271621487493,3413.2109391114777,-290.72442009661427,342.5783948524212,678.7232918094596,1603.232667543357,1530.4574403004253,868.7009468017883,2946.1637654396322,1478.4699719454218,1146.7436944647798,781.760320827,1422.2006130706059,2017.1208969670915,1904.0650123801856,1230.6236232521178,1786.5159014227925,1509.748110968386,733.5230447714575,2193.432739905119,-200.77272567775412,3158.8447457664292,894.0420198509196,2560.1808271005157,486.60507343870773,838.1817898711138,923.5628282118823,3599.886149821379,1017.187338983066,1081.565047098478,1805.4391356581236,2550.5215220850823,2316.7713154775056,3240.898145769499,1757.4291928172881,1768.046772216187,85.30788532590577,813.2774492910839,490.8272867082708,-204.82734418576592,1316.352846609861,3140.2597543543407,1895.4970362738522,3733.678283140862,3006.382311000868,1107.1102040076375,877.1512182472612,4324.546229419813,2770.8291665301226,1026.507907599367,1127.6116554202551,2761.847455820098,1958.8189988847303,456.2534419365453,0.0,1886.0597156612746,2219.867503105248,371.8938403671235,990.9996339198422
Woolworths Three Kings,441.74227318906605,2370.34046881568,636.9496888264911,2302.112939072377,1165.9821284610657,2518.8333394232013,3452.4101998689366,2914.6439343109814,2102.6023375005125,2076.736413115029,1493.6994284826017,204.03622025562345,2088.3297025001734,193.03170017460263,970.4907947157187,1452.3136112574923,63.72281056515976,2293.404915110323,991.2920847875379,2036.6552794182708,5375.287408092046,1747.41882570746,610.1831773980284,2406.7454952626485,1687.9566643118392,2123.319610742491,1599.2760298185754,2471.290990803039,2656.5498415387383,2982.7265981321802,1531.5785921965112,1637.1464258166538,1703.84455293755,930.7997525772871,947.1793136035465,1247.0730422731822,599.0799093084934,2046.6190168764624,2331.493588574887,1264.2719223086597,2385.591626088647,722.7007660937709,338.5357752541244,2068.471550254963,317.33023051327393,1249.719480817886,1190.2637541467484,827.9213760061391,1953.9147793501259,3083.5092732162448,1844.907666916149,1179.1654005387334,1295.312227342847,1771.7566504864396,2043.3549301405978,411.43406319308895,3415.1971259948114,1550.3141235816938,1867.8920918209312,1805.2052892272654,1620.0019881418748,0.0,1308.2727707480008,1972.3533577266764,978.6719365933018
Woolworths Waiata Shores,1913.7962373556607,1420.9092138409114,2810.6939988881336,2017.7575963075003,202.40839198770982,1080.096893144738,4745.619165937429,859.9752275564422,3017.222462751705,2735.283806951686,2815.5211206675585,2620.1196556799355,3528.9899007937242,3820.4107576609913,1344.849914495334,2204.57613816502,344.0945071752319,2600.1421605767173,2813.863234460764,2227.99560712827,3539.256143810463,1635.7100228309725,359.84760899987054,1768.1401487443509,1293.9185161745022,1597.1535872452298,2766.1497956841126,4767.681023199144,2672.143400788271,2020.6368769786286,3563.642053579994,2743.673029297127,2270.269951767449,969.2551783968084,436.1994804318183,169.3963673989672,866.7793763711209,577.0925061401266,2570.6519465255396,221.23416829554048,3247.9650424369684,1597.3703791363014,1405.1189631276834,873.0548432914618,2008.2049097444105,2504.7309878355004,2746.7086962490184,1290.661577118887,667.9805981320435,559.4214681850303,988.7445224387607,2728.2572015769733,786.3487684416427,842.6546544636502,3000.3793113168445,1885.3472614705452,4913.399214449071,391.48236328540344,2596.06033486797,2293.3215347231744,4298.395210336601,1432.4786768886356,0.0,3628.070110536094,1774.2785312620767
Woolworths Westgate,1715.6442597548898,3226.5818277340168,1373.2348612695132,1889.427002800171,2502.3959124665557,2639.69401406488,1440.9532996223534,3190.412528769264,863.1077930791464,1805.071422453489,-370.4195960143129,1195.2560154210837,1620.2607094291443,44.06427324848073,2579.8918877038454,931.2452669398587,2261.9465538582313,2847.7124808668013,1123.0590291746353,2405.932365257097,1420.0944721236085,1593.0412722505432,4.096181500234934,1045.5738207127297,2135.1534190824386,1455.9601246874072,1075.8954805912742,3988.4690940102705,587.3447528607402,3846.3279961611715,327.4951749826754,710.7537800542907,1505.9037986799174,2583.2673574440723,1796.7027065541788,3639.785023143275,2539.55339650435,2514.264971071615,2862.015912829826,3273.1444746523994,757.430840911519,2191.4560854455567,3335.5347810481812,1873.1478179029496,2602.6493058663705,2821.752358101474,658.6718820350791,876.796189819363,1345.2027698460192,4463.060313603485,1330.9312035755806,1433.9214708325023,895.1029639162357,2348.669968975111,763.4235503456234,2421.6700402777496,632.9319549317281,3556.9800568425476,1102.529471838724,1319.8774380990071,615.481179838434,1162.4900405455544,2872.698833593191,0.0,3651.929386322021
Distribution Centre Auckland,986.4546111913955,493.9691823953543,2501.5021169753277,648.422135123752,435.5427313446174,280.42965008934607,3226.6352191983246,2755.521199061773,3407.1209940887293,2514.3348798579427,2810.1806083319607,925.6134906770831,721.825606549294,1239.7948645605074,222.68201090118328,3226.781276224423,1450.9848215546554,4531.421236826137,1544.2816088546765,2286.430115418177,1678.1738243377613,-510.03964072377676,1901.4565017253449,2924.0367235828576,1585.0094063181903,2212.5278718624077,1623.3808354950552,1116.8029522154893,3088.898878376521,1682.9840001729567,2372.102771595201,182.58623117013917,3374.3949134978516,532.080391520827,-178.32022389935344,1418.348033516685,901.5858790899692,1496.9164447934004,2943.965394546638,3348.8629964673582,3553.6198086121863,1229.2598498280536,994.5572983741293,1447.7410928859779,1147.6220488882818,2789.5123289830744,2001.8625814455354,167.1866193339231,1024.0355682513523,2924.878009372204,1211.4124623080982,1816.617542271022,637.8727932400899,1298.2978801868676,823.8703771384523,1824.9780100422174,2233.3582933768676,2648.2549143475158,4112.6403269192615,-24.83166890492521,1286.3671156746627,270.0678915095415,383.92201686498447,3769.4711435542913,0.0
