region,day,total_trucks,total_routes,total_overworked,total_double_shift,total_cost,cost_overworked,total_ww_cost
0,1,5,6,1,1,5338.095389644127,3.94000344426537,5338.095389644127
1,1,2,2,2,0,2675.3385331488544,264.379629039265,2675.3385331488544
2,1,3,4,1,1,4295.562731528613,64.38228800417853,4295.562731528613
3,1,4,5,0,1,4786.267980182279,0.0,4786.267980182279
4,1,3,4,3,1,4811.214704816762,535.8124177379628,4811.214704816762
5,1,2,4,0,2,3047.768055890309,0.0,3047.768055890309
6,1,3,4,2,1,3937.6056622021147,84.40535480823713,3937.6056622021147
7,1,2,2,1,0,2398.478474236228,29.492473717215336,2398.478474236228
0,2,5,5,3,0,5582.820861503042,124.79215252676853,5582.820861503042
1,2,2,2,2,0,2515.2344468239444,104.27554271435524,2515.2344468239444
2,2,3,4,2,1,4495.866762044816,258.9916051319068,4495.866762044816
3,2,4,4,0,0,3980.5869011531727,0.0,3980.5869011531727
4,2,3,4,2,1,4838.4946002589395,402.48733329184535,4838.4946002589395
5,2,2,4,1,2,2550.941170594676,35.01540941326983,2550.941170594676
6,2,3,6,1,3,4425.191328596455,43.69849662875122,4425.191328596455
7,2,2,2,1,0,2403.4975270283658,303.0520985884659,2403.4975270283658
0,3,5,5,1,0,5616.0120511072055,59.02829856447641,5616.0120511072055
1,3,2,3,1,1,2464.1021065289488,230.9024715937129,2464.1021065289488
2,3,3,4,2,1,3970.5378496987205,202.21660619004234,3970.5378496987205
3,3,4,6,1,2,4828.508914734508,3.2482734833357654,4828.508914734508
4,3,3,4,2,1,4581.85150515194,374.9051397325004,4581.85150515194
5,3,2,3,0,1,2617.0635959061915,0.0,2617.0635959061915
6,3,3,5,1,2,3720.7756863467303,70.60650335135546,3720.7756863467303
7,3,2,2,1,0,2169.5819943021397,115.98397882517975,2169.5819943021397
0,4,5,5,2,0,5567.005993686027,102.52117780757357,5567.005993686027
1,4,2,3,1,1,3138.877883479442,130.21023733604258,3138.877883479442
2,4,3,4,2,1,4332.074150618219,112.50716666997884,4332.074150618219
3,4,4,6,1,2,4502.116968439498,29.555736100200246,4502.116968439498
4,4,3,4,3,1,4412.51193292555,138.25702630493416,4412.51193292555
5,4,2,3,0,1,2780.394375854309,0.0,2780.394375854309
6,4,3,5,2,2,4541.892094559201,254.80427125355942,4541.892094559201
7,4,2,2,1,0,2416.5806476858525,107.93522533225124,2416.5806476858525
0,5,5,5,3,0,6106.6557144080825,282.2123969938543,6106.6557144080825
1,5,2,2,0,0,2302.199743549804,0.0,2302.199743549804
2,5,3,5,3,2,5247.520638463637,258.26298615461064,5247.520638463637
3,5,4,4,0,0,4496.493409803348,0.0,4496.493409803348
4,5,3,4,2,1,4449.315392816498,385.83701563324865,4449.315392816498
5,5,2,3,0,1,2584.9505249649,0.0,2584.9505249649
6,5,3,4,1,1,4208.110929817891,409.0422350062841,4208.110929817891
7,5,2,2,2,0,2647.0344563428193,236.07555223323038,2647.0344563428193
0,6,5,6,1,1,5189.956785866399,102.43123739299709,5189.956785866399
1,6,2,2,0,0,2179.9679950552636,0.0,2179.9679950552636
2,6,3,4,3,1,4125.534984649398,299.95794918128877,4125.534984649398
3,6,4,5,0,1,4800.320871024694,0.0,4800.320871024694
4,6,3,4,3,1,4690.835353929434,163.79201787675495,4690.835353929434
5,6,2,4,0,2,3062.44086611245,0.0,3062.44086611245
6,6,3,4,1,1,4088.863020275393,281.5754798542822,4088.863020275393
7,6,2,3,1,1,3199.3657662470328,107.93522533225124,3199.3657662470328
0,7,5,5,2,0,5920.316736961858,160.83594233725773,5920.316736961858
1,7,2,2,1,0,2384.7249875161215,35.64556168126351,2384.7249875161215
2,7,3,4,0,1,3930.995819450378,0.0,3930.995819450378
3,7,4,5,0,1,4183.12335247716,0.0,4183.12335247716
4,7,3,4,2,1,4572.325437814037,337.7640157803822,4572.325437814037
5,7,2,4,0,2,2748.966016144612,0.0,2748.966016144612
6,7,3,5,1,2,4082.195582337208,177.20765395817367,4082.195582337208
7,7,2,2,1,0,2566.5806476858515,216.26855866558438,2566.5806476858515
0,8,5,5,1,0,5886.8639760925,77.35841923382813,5886.8639760925
1,8,2,3,1,1,2847.907244652747,35.64556168126351,2847.907244652747
2,8,3,4,2,1,4453.9448293199675,119.39165496566225,4453.9448293199675
3,8,4,5,0,1,4802.927872264868,0.0,4802.927872264868
4,8,3,4,2,1,4521.089082169957,406.18341376613284,4521.089082169957
5,8,2,4,1,2,2526.59125654219,18.809330897822417,2526.59125654219
6,8,3,4,2,1,4240.490598304025,298.0892676137677,4240.490598304025
7,8,2,2,1,0,2512.4139810191855,162.1018919989179,2512.4139810191855
0,9,5,5,1,0,5360.138673849911,127.5952925690379,5360.138673849911
1,9,2,3,1,1,2397.435439862282,122.56913826037942,2397.435439862282
2,9,3,4,1,1,4272.48586898138,322.3099512097017,4272.48586898138
3,9,4,5,0,1,4159.054469478598,0.0,4159.054469478598
4,9,3,4,3,1,4541.6039072894655,470.48317057050485,4541.6039072894655
5,9,2,3,0,1,2322.7549342514667,0.0,2322.7549342514667
6,9,3,4,1,1,4032.1630492630693,30.09962891481945,4032.1630492630693
7,9,2,2,1,0,2560.978474236228,191.99247371721535,2560.978474236228
0,10,5,5,0,0,5647.709875255308,0.0,5647.709875255308
1,10,2,3,1,1,2534.935439862282,176.73580492704608,2534.935439862282
2,10,3,4,1,1,4312.207228223572,0.08470449094532898,4312.207228223572
3,10,4,5,1,1,4311.112324430042,100.94465465583374,4311.112324430042
4,10,3,4,2,1,4853.858737720715,307.1909136273099,4853.858737720715
5,10,2,3,0,1,2662.4394934423804,0.0,2662.4394934423804
6,10,3,4,1,1,3782.0675646877125,16.439836684688796,3782.0675646877125
7,10,2,2,1,0,2404.080647685852,53.76855866558457,2404.080647685852
0,11,5,7,1,2,5801.665094573293,58.106670110932036,5801.665094573293
1,11,2,3,1,1,2372.4354398622822,14.235804927046086,2372.4354398622822
2,11,3,4,1,1,3581.4692194436225,87.24413960916085,3581.4692194436225
3,11,4,5,1,1,4410.697424740236,27.278888448952166,4410.697424740236
4,11,3,4,1,1,4553.532838451647,451.8758936901957,4553.532838451647
5,11,2,3,0,1,2615.446173877864,0.0,2615.446173877864
6,11,3,5,2,2,4341.51334097261,393.22370608314156,4341.51334097261
7,11,2,2,1,0,2301.661685837684,3.3491022665324532,2301.661685837684
0,12,5,6,0,1,6093.685589896611,0.0,6093.685589896611
1,12,2,2,0,0,2297.627909874797,0.0,2297.627909874797
2,12,3,4,2,1,3649.1563896018947,54.44870614206389,3649.1563896018947
3,12,4,6,0,2,5535.562684514583,0.0,5535.562684514583
4,12,3,4,3,1,5070.690977423044,707.9035740374171,5070.690977423044
5,12,2,4,1,2,2526.5912565421904,18.809330897822417,2526.5912565421904
6,12,3,4,2,1,4396.603376822794,87.74018483795543,4396.603376822794
7,12,2,2,1,0,2326.6616858376838,111.6824355998658,2326.6616858376838
0,13,5,5,1,0,5589.275596816459,102.73270953485844,5589.275596816459
1,13,2,2,2,0,2625.116579740399,214.1576756308104,2625.116579740399
2,13,3,4,2,1,4062.6098314978435,210.9552546558311,4062.6098314978435
3,13,4,4,1,0,4138.046191643495,68.34684108532227,4138.046191643495
4,13,3,4,2,1,4601.229248756593,457.70211064874,4601.229248756593
5,13,2,4,0,2,3359.5360496635712,0.0,3359.5360496635712
6,13,3,4,2,1,4129.04753917297,250.8974001954831,4129.04753917297
7,13,2,2,1,0,2265.4153276354727,170.15064549184643,2265.4153276354727
0,14,5,6,2,1,5993.904443401499,140.3263727422259,5993.904443401499
1,14,2,3,0,1,2521.104962982888,0.0,2521.104962982888
2,14,3,3,2,0,3779.848216717884,179.03547948475077,3779.848216717884
3,14,4,4,0,0,4079.812247923286,0.0,4079.812247923286
4,14,3,4,2,1,4804.591640628408,338.4203287606104,4804.591640628408
5,14,2,4,0,2,2727.9419800648907,0.0,2727.9419800648907
6,14,3,4,2,1,3906.6643772684965,363.43840011895566,3906.6643772684965
7,14,2,2,1,0,2194.5819943021397,224.31731215851326,2194.5819943021397
0,15,5,5,1,0,5923.559191947254,112.27333677759871,5923.559191947254
1,15,2,2,1,0,2505.5583208494545,198.14556168126333,2505.5583208494545
2,15,3,4,1,1,4073.959553465141,105.55045028247376,4073.959553465141
3,15,4,7,1,3,4496.733012905602,32.297839459572415,4496.733012905602
4,15,3,4,2,1,4125.704501441071,201.31038471427328,4125.704501441071
5,15,2,3,1,1,2723.2859490029996,27.492770602706287,2723.2859490029996
6,15,3,4,1,1,4229.273707536847,110.39703233888432,4229.273707536847
7,15,2,2,0,0,2308.3391854296915,0.0,2308.3391854296915
0,16,5,6,1,1,5422.788850335896,73.74716240069355,5422.788850335896
1,16,2,3,1,1,2493.2687731956157,176.73580492704608,2493.2687731956157
2,16,3,3,2,0,2942.9947988699328,117.41776340182311,2942.9947988699328
3,16,4,5,0,1,4271.364754893408,0.0,4271.364754893408
4,16,3,4,2,1,4349.639990134824,260.9298008106356,4349.639990134824
5,16,2,4,0,2,2540.6326828112788,0.0,2540.6326828112788
6,16,3,4,2,1,3691.782148061923,345.552223938676,3691.782148061923
7,16,2,2,2,0,2548.3866031590555,137.42769904946658,2548.3866031590555
0,17,5,5,2,0,5658.517521957519,246.25815365698017,5658.517521957519
1,17,2,2,1,0,1814.6895750846209,23.031644880430754,1814.6895750846209
2,17,3,4,1,1,4060.886912369439,0.7498660342559257,4060.886912369439
3,17,4,6,0,2,4227.664415419492,0.0,4227.664415419492
4,17,3,4,1,1,4550.630199942205,292.5244931611456,4550.630199942205
5,17,2,4,0,2,2535.3060299134295,0.0,2535.3060299134295
6,17,3,4,2,1,4111.5567012019565,211.12218590360249,4111.5567012019565
7,17,2,2,1,0,2374.9139810191855,107.93522533225124,2374.9139810191855
0,18,5,5,3,0,6155.714078260202,281.0706927043766,6155.714078260202
1,18,2,2,1,0,2291.7981987088483,38.82957866005034,2291.7981987088483
2,18,3,4,1,1,4203.765874510436,105.64328454303505,4203.765874510436
3,18,4,6,0,2,4625.060877585343,0.0,4625.060877585343
4,18,3,4,3,1,4715.242183527135,398.17322978166976,4715.242183527135
5,18,2,3,0,1,2575.396929239525,0.0,2575.396929239525
6,18,3,4,3,1,4233.517808645193,308.1919365690453,4233.517808645193
7,18,2,3,1,1,3320.1990995803662,270.43522533225104,3320.1990995803662
0,19,5,5,1,0,5850.594332371758,58.106670110932036,5850.594332371758
1,19,2,3,1,1,2943.74057798608,89.81222834793016,2943.74057798608
2,19,3,4,2,1,4519.31342347157,266.8351643975564,4519.31342347157
3,19,4,5,0,1,4840.955413308766,0.0,4840.955413308766
4,19,3,4,2,1,4443.885405568099,238.76496200849118,4443.885405568099
5,19,2,3,0,1,2596.2263539154333,0.0,2596.2263539154333
6,19,3,4,2,1,4210.936787867284,355.2858648254675,4210.936787867284
7,19,2,2,1,0,2458.2473143525185,107.93522533225124,2458.2473143525185
0,20,5,6,1,1,6306.828737446939,147.12010640620855,6306.828737446939
1,20,2,3,1,1,2414.1021065289488,14.235804927046086,2414.1021065289488
2,20,3,4,1,1,4429.066689910583,64.47512226473967,4429.066689910583
3,20,4,5,1,1,4333.147150345611,70.74989544371923,4333.147150345611
4,20,3,4,2,1,4708.584994212054,317.0793583275502,4708.584994212054
5,20,2,3,0,1,2668.2838582982336,0.0,2668.2838582982336
6,20,3,5,1,2,4234.635422601146,228.66780853655257,4234.635422601146
7,20,2,2,2,0,2494.219936492389,83.26103238279991,2494.219936492389
0,21,5,5,1,0,5443.7478251852945,127.5952925690379,5443.7478251852945
1,21,2,2,0,0,1983.6233607294682,0.0,1983.6233607294682
2,21,3,4,1,1,4093.7714153666025,24.115579425031267,4093.7714153666025
3,21,4,6,0,2,5019.868814978534,0.0,5019.868814978534
4,21,3,4,2,1,4532.325658382242,200.8410604249554,4532.325658382242
5,21,2,4,0,2,2561.275313398224,0.0,2561.275313398224
6,21,3,4,2,1,4500.129859140879,227.69497352548962,4500.129859140879
7,21,2,2,1,0,2194.5819943021397,224.31731215851326,2194.5819943021397
0,22,5,7,2,2,5565.855539761385,92.85049725778279,5565.855539761385
1,22,2,2,0,0,2282.837526710375,0.0,2282.837526710375
2,22,3,3,1,0,3768.4648908360487,290.2753804510297,3768.4648908360487
3,22,4,4,0,0,4247.929747878695,0.0,4247.929747878695
4,22,3,3,2,0,4018.7701410449927,430.11155857878015,4018.7701410449927
5,22,2,3,0,1,2697.3363214868627,0.0,2697.3363214868627
6,22,3,3,2,0,4004.6919134268555,554.3407246029982,4004.6919134268555
7,22,2,2,1,0,2337.122619929879,185.1786033454085,2337.122619929879
0,23,5,5,2,0,5956.651510991933,122.32446865154947,5956.651510991933
1,23,2,2,2,0,2570.9499130737327,159.99100896414373,2570.9499130737327
2,23,3,4,2,1,4649.275508863874,163.33457052520126,4649.275508863874
3,23,4,6,0,2,4442.322644463416,0.0,4442.322644463416
4,23,3,4,3,1,4502.776937637095,394.85477941753726,4502.776937637095
5,23,2,3,1,1,2633.155214653245,82.99298149876653,2633.155214653245
6,23,3,4,3,1,4305.414306007868,184.73856446305214,4305.414306007868
7,23,2,2,1,0,2560.978474236228,191.99247371721535,2560.978474236228
0,24,5,6,1,1,5569.531631766226,6.576147459880265,5569.531631766226
1,24,2,3,1,1,2451.6021065289488,176.73580492704608,2451.6021065289488
2,24,3,4,1,1,4039.1525356480465,213.9766178763684,4039.1525356480465
3,24,4,5,0,1,4904.511892789187,0.0,4904.511892789187
4,24,3,4,2,1,4422.52698654435,411.16529987305944,4422.52698654435
5,24,2,4,0,2,2839.4347225569763,0.0,2839.4347225569763
6,24,3,4,3,1,4180.972584035017,284.2344936526734,4180.972584035017
7,24,2,2,2,0,2602.553269825722,191.59436571613324,2602.553269825722
0,25,5,6,1,1,5205.720752594139,83.03675157238017,5205.720752594139
1,25,2,2,1,0,2339.5100925186307,0.9339025677243298,2339.5100925186307
2,25,3,4,2,1,4141.59762847115,151.49510211218214,4141.59762847115
3,25,4,4,1,0,4460.38826235824,11.488912900990373,4460.38826235824
4,25,3,5,2,2,4532.148718303351,374.9051397325004,4532.148718303351
5,25,2,4,0,2,3020.774199445783,0.0,3020.774199445783
6,25,3,5,2,2,4155.680465540761,387.1363822908201,4155.680465540761
7,25,2,2,2,0,2656.719936492389,245.7610323827999,2656.719936492389
0,26,5,6,0,1,5603.186741447548,0.0,5603.186741447548
1,26,2,2,1,0,2400.131532042182,147.16291199338366,2400.131532042182
2,26,3,4,2,1,4549.068451644862,115.03376503815286,4549.068451644862
3,26,4,5,0,1,5138.640454909548,0.0,5138.640454909548
4,26,3,5,1,2,4649.047604946132,117.47618551251766,4649.047604946132
5,26,2,4,0,2,2797.7680558903094,0.0,2797.7680558903094
6,26,3,5,2,2,4581.366951750367,252.65247486354693,4581.366951750367
7,26,2,2,1,0,2361.2486609688062,224.31731215851326,2361.2486609688062
0,27,5,5,2,0,6031.83754717998,192.35142033368604,6031.83754717998
1,27,2,3,1,1,2881.776334709146,1.8560630367696578,2881.776334709146
2,27,3,4,1,1,3452.800039210077,24.115579425031267,3452.800039210077
3,27,4,4,0,0,4529.74106629523,0.0,4529.74106629523
4,27,3,5,2,2,5163.3345899815795,361.3575802939765,5163.3345899815795
5,27,2,3,1,1,2751.567016383444,28.707376940606675,2751.567016383444
6,27,3,4,2,1,4023.5661807086044,312.75180889517753,4023.5661807086044
7,27,2,2,1,0,2416.5806476858525,107.93522533225124,2416.5806476858525
0,28,5,6,2,1,6489.970532777322,185.34595027650315,6489.970532777322
1,28,2,3,1,1,2959.711216812775,76.04357066937591,2959.711216812775
2,28,3,3,1,0,3513.096855313214,0.8648815951457512,3513.096855313214
3,28,4,6,0,2,4308.917233597223,0.0,4308.917233597223
4,28,3,4,2,1,4575.570804690231,310.99108996170173,4575.570804690231
5,28,2,3,0,1,2707.9219128206123,0.0,2707.9219128206123
6,28,3,3,2,0,4009.633433869086,465.19260655619837,4009.633433869086
7,28,2,2,1,0,2432.0819943021397,170.15064549184643,2432.0819943021397
0,29,5,7,0,2,5095.150403162495,0.0,5095.150403162495
1,29,2,3,1,1,2509.9354398622822,68.40247159371276,2509.9354398622822
2,29,3,4,2,1,4441.473469373806,24.958279719848495,4441.473469373806
3,29,4,4,0,0,4208.7518728550085,0.0,4208.7518728550085
4,29,3,4,3,1,5311.569679627697,701.1930102416845,5311.569679627697
5,29,2,4,0,2,2451.972696580096,0.0,2451.972696580096
6,29,3,4,1,1,3766.9797198348792,174.85112212705639,3766.9797198348792
7,29,2,2,1,0,2494.3118075695616,83.659140383882,2494.3118075695616
0,30,5,5,2,0,5748.457784610679,92.80916457704575,5748.457784610679
1,30,2,3,1,1,3060.9430013758124,56.022729703436326,3060.9430013758124
2,30,3,4,1,1,3587.6556709049823,59.23726176977574,3587.6556709049823
3,30,4,5,0,1,4605.811107888734,0.0,4605.811107888734
4,30,3,4,1,1,4668.553311214572,156.2203042518939,4668.553311214572
5,30,2,3,0,1,2921.1239984684294,0.0,2921.1239984684294
6,30,3,5,1,2,4178.762163072383,219.3601806400486,4178.762163072383
7,30,2,2,1,0,2348.7486609688062,170.15064549184643,2348.7486609688062
0,31,5,5,0,0,5589.876997028724,0.0,5589.876997028724
1,31,2,2,1,0,2348.2730023310423,26.89812731117331,2348.2730023310423
2,31,3,4,2,1,4082.3501024838533,73.05317839348506,4082.3501024838533
3,31,4,5,1,1,4807.988870978818,0.01835882425244664,4807.988870978818
4,31,3,3,2,0,3950.2651358340186,351.2286348224482,3950.2651358340186
5,31,2,3,1,1,2718.6795863627094,59.668492767069516,2718.6795863627094
6,31,3,4,2,1,4646.611634503161,317.2503658747238,4646.611634503161
7,31,2,2,1,0,2515.9975270283658,248.8854319217992,2515.9975270283658
0,32,5,6,1,1,5673.522047422653,206.75246542466763,5673.522047422653
1,32,2,2,0,0,1809.3745801122138,0.0,1809.3745801122138
2,32,3,4,1,1,3812.8898880296797,217.55806158363987,3812.8898880296797
3,32,4,4,1,0,4629.911280152689,20.684506257591867,4629.911280152689
4,32,3,4,2,1,4413.3019946797285,380.7018869865974,4413.3019946797285
5,32,2,4,0,2,3131.1013892236424,0.0,3131.1013892236424
6,32,3,5,2,2,3985.462558811785,258.5851422285109,3985.462558811785
7,32,2,2,1,0,2662.4139810191855,270.43522533225104,2662.4139810191855
0,33,5,5,1,0,5773.66116541447,84.75516374585615,5773.66116541447
1,33,2,2,1,0,2229.848159600188,35.59182413911698,2229.848159600188
2,33,3,4,2,1,4602.157963437895,310.6427737839368,4602.157963437895
3,33,4,6,0,2,4254.128041931362,0.0,4254.128041931362
4,33,3,4,1,1,4302.935246272264,122.11975473034671,4302.935246272264
5,33,2,4,1,2,2812.54496557524,5.501826100402847,2812.54496557524
6,33,3,6,1,3,4403.675674918014,99.61686478427414,4403.675674918014
7,33,2,2,1,0,2434.9950191710172,220.01576893319913,2434.9950191710172
0,34,5,7,1,2,5624.844387957653,3.94000344426537,5624.844387957653
1,34,2,2,1,0,2483.464865375515,147.16291199338366,2483.464865375515
2,34,3,4,2,1,4475.2223689022385,173.58050293265762,4475.2223689022385
3,34,4,5,1,1,4890.258472093301,32.97211342298869,4890.258472093301
4,34,3,4,2,1,4598.86951282557,299.02520899178234,4598.86951282557
5,34,2,3,1,1,2297.4291201931087,29.429784450973077,2297.4291201931087
6,34,3,5,0,2,4304.46076811141,0.0,4304.46076811141
7,34,2,2,2,0,2710.886603159055,299.9276990494664,2710.886603159055
0,35,5,5,2,0,5459.358203206329,104.2356933696441,5459.358203206329
1,35,2,2,1,0,2333.464865375515,38.82957866005034,2333.464865375515
2,35,3,4,1,1,3619.1326061658133,113.40392843644241,3619.1326061658133
3,35,4,4,0,0,4357.460468378064,0.0,4357.460468378064
4,35,3,3,3,0,4206.36140910926,589.9230529448763,4206.36140910926
5,35,2,3,0,1,2351.9944462503327,0.0,2351.9944462503327
6,35,3,4,1,1,4441.189287155621,361.07390558134176,4441.189287155621
7,35,2,2,1,0,2512.4139810191855,162.1018919989179,2512.4139810191855
0,36,5,5,1,0,5767.248283704863,44.25246542466745,5767.248283704863
1,36,2,3,1,1,2859.711216812775,184.37690400270907,2859.711216812775
2,36,3,4,2,1,4149.215967676446,163.558758602935,4149.215967676446
3,36,4,6,1,2,4377.116968439498,29.555736100200246,4377.116968439498
4,36,3,4,2,1,4393.00222138689,289.3157725046389,4393.00222138689
5,36,2,3,0,1,2582.9219128206123,0.0,2582.9219128206123
6,36,3,4,2,1,4320.52663284015,454.0803461908212,4320.52663284015
7,36,2,2,2,0,2602.553269825722,191.59436571613324,2602.553269825722
0,37,5,6,1,1,5696.012792801636,3.94000344426537,5696.012792801636
1,37,2,3,1,1,2343.2687731956153,68.40247159371276,2343.2687731956153
2,37,3,4,2,1,4772.757453429868,311.37555835478923,4772.757453429868
3,37,4,5,0,1,4827.447767166914,0.0,4827.447767166914
4,37,3,4,2,1,4654.411948511994,365.15775662836825,4654.411948511994
5,37,2,3,1,1,2622.8462530293764,5.501826100402847,2622.8462530293764
6,37,3,4,2,1,3852.3989835054426,309.1730063559016,3852.3989835054426
7,37,2,2,2,0,2602.553269825722,191.59436571613324,2602.553269825722
0,38,5,6,0,1,5787.7938508009165,0.0,5787.7938508009165
1,38,2,2,1,0,2502.690533455394,154.37409551669703,2502.690533455394
2,38,3,5,0,2,4014.9471878661184,0.0,4014.9471878661184
3,38,4,5,0,1,4366.466106310949,0.0,4366.466106310949
4,38,3,3,2,0,4093.8640145274585,480.62642403484057,4093.8640145274585
5,38,2,3,0,1,2657.112840544531,0.0,2657.112840544531
6,38,3,4,1,1,4501.2665750966125,125.05073459728447,4501.2665750966125
7,38,2,2,1,0,2019.5819943021393,7.650645491846426,2019.5819943021393
0,39,5,6,1,1,5373.077920420422,110.55093922940668,5373.077920420422
1,39,2,2,0,0,2297.6279098747973,0.0,2297.6279098747973
2,39,3,4,1,1,4245.467090032568,78.37508035225923,4245.467090032568
3,39,4,5,0,1,4575.685961991118,0.0,4575.685961991118
4,39,3,3,2,0,3891.2770554536983,329.7325041709148,3891.2770554536983
5,39,2,3,0,1,2707.9219128206123,0.0,2707.9219128206123
6,39,3,5,0,2,3720.002712029821,0.0,3720.002712029821
7,39,2,2,2,0,2592.867789676153,181.90888556656373,2592.867789676153
0,40,5,5,2,0,5422.915793495957,51.646505823718584,5422.915793495957
1,40,2,2,1,0,2387.6315320421813,92.996245326717,2387.6315320421813
2,40,3,3,1,0,3796.434151610378,216.4471427253799,3796.434151610378
3,40,4,4,1,0,4554.221413722151,2.6541006691518305,4554.221413722151
4,40,3,4,2,1,4749.154079422068,261.56030846284295,4749.154079422068
5,40,2,3,1,1,2975.495686177824,6.757256829272402,2975.495686177824
6,40,3,4,2,1,4506.499368154929,147.7261711833204,4506.499368154929
7,40,2,2,1,0,2277.9153276354727,224.31731215851326,2277.9153276354727
0,41,5,6,0,1,5526.347392608819,0.0,5526.347392608819
1,41,2,3,1,1,2513.3989683146947,147.16291199338366,2513.3989683146947
2,41,3,4,2,1,4131.373926204748,154.71934936273655,4131.373926204748
3,41,4,4,0,0,4568.564489898959,0.0,4568.564489898959
4,41,3,4,2,1,4451.229248756593,349.36877731540665,4451.229248756593
5,41,2,3,1,1,2663.611064376408,46.26663744743481,2663.611064376408
6,41,3,3,3,0,3762.189025469589,145.7506693052061,3762.189025469589
7,41,2,2,1,0,2559.9950191710172,220.01576893319913,2559.9950191710172
0,42,5,5,1,0,5594.060284917646,3.94000344426537,5594.060284917646
1,42,2,3,1,1,2985.407244652747,89.81222834793016,2985.407244652747
2,42,3,4,2,1,4632.9274064990495,294.82222307763897,4632.9274064990495
3,42,4,4,0,0,4449.161505871789,0.0,4449.161505871789
4,42,3,3,3,0,4109.268092486071,492.82973632168716,4109.268092486071
5,42,2,4,0,2,2686.275313398224,0.0,2686.275313398224
6,42,3,5,2,2,4024.8466743059435,284.8903727498082,4024.8466743059435
7,42,2,2,0,0,2266.672518763025,0.0,2266.672518763025
0,43,5,5,2,0,5924.109103030756,177.70860348539804,5924.109103030756
1,43,2,3,0,1,2479.4382963162216,0.0,2479.4382963162216
2,43,3,4,2,1,3873.693172988598,126.63541352266773,3873.693172988598
3,43,4,5,1,1,4760.566955140972,7.774958934299548,4760.566955140972
4,43,3,3,3,0,4129.732513387786,513.2941572234025,4129.732513387786
5,43,2,3,1,1,2752.8285617553947,82.99298149876653,2752.8285617553947
6,43,3,4,2,1,3953.233684092957,355.5936528901158,3953.233684092957
7,43,2,2,1,0,2528.4975270283658,303.0520985884659,2528.4975270283658
0,44,5,5,0,0,5330.041783044763,0.0,5330.041783044763
1,44,2,3,2,1,3235.835566892001,91.66829138469983,3235.835566892001
2,44,3,4,2,1,3389.08205008965,165.21823676899908,3389.08205008965
3,44,4,5,0,1,5188.139249040752,0.0,5188.139249040752
4,44,3,4,2,1,4687.187851319474,521.9081525667018,4687.187851319474
5,44,2,4,0,2,2716.34293182083,0.0,2716.34293182083
6,44,3,4,1,1,4195.537250431145,119.23141491858617,4195.537250431145
7,44,2,2,1,0,2409.9950191710172,111.6824355998658,2409.9950191710172
0,45,5,6,1,1,5273.5305276226545,28.22914145937318,5273.5305276226545
1,45,2,3,1,1,2530.0656349813617,38.82957866005034,2530.0656349813617
2,45,3,4,2,1,3936.4211276544756,32.879304074899096,3936.4211276544756
3,45,4,5,0,1,4256.849751976917,0.0,4256.849751976917
4,45,3,4,2,1,4465.307332650608,339.4684394508382,4465.307332650608
5,45,2,3,0,1,2169.3708368990206,0.0,2169.3708368990206
6,45,3,5,1,2,4137.095496405716,219.3601806400486,4137.095496405716
7,45,2,2,1,0,2378.4975270283658,194.71876525513255,2378.4975270283658
0,46,5,7,1,2,5708.277244433627,147.12010640620855,5708.277244433627
1,46,2,2,2,0,2592.2311269374595,181.27222282787034,2592.2311269374595
2,46,3,4,1,1,3854.556554696346,217.55806158363987,3854.556554696346
3,46,4,6,0,2,4817.868973426207,0.0,4817.868973426207
4,46,3,4,2,1,4357.289423885341,169.75020062101441,4357.289423885341
5,46,2,3,0,1,2867.0635959061915,0.0,2867.0635959061915
6,46,3,4,3,1,4757.229285136628,226.33998011013514,4757.229285136628
7,46,2,2,1,0,2486.8308603616993,303.0520985884659,2486.8308603616993
0,47,5,5,1,0,5728.373067173012,52.957213655719215,5728.373067173012
1,47,2,3,1,1,3081.24057798608,143.97889501459684,3081.24057798608
2,47,3,4,1,1,4212.411414614264,97.24373095457013,4212.411414614264
3,47,4,6,0,2,4548.84014888574,0.0,4548.84014888574
4,47,3,4,2,1,4249.750084235432,142.00989714825548,4249.750084235432
5,47,2,3,1,1,2664.512919696043,5.501826100402847,2664.512919696043
6,47,3,3,2,0,3859.486098989947,306.19901095264714,3859.486098989947
7,47,2,2,1,0,2486.8308603616993,303.0520985884659,2486.8308603616993
0,48,5,5,0,0,5386.337552984638,0.0,5386.337552984638
1,48,2,2,0,0,2366.1708600437087,0.0,2366.1708600437087
2,48,3,4,2,1,4052.304336760354,24.980461020177017,4052.304336760354
3,48,4,5,0,1,4702.934646848946,0.0,4702.934646848946
4,48,3,3,2,0,3825.2405893521745,226.2040883406047,3825.2405893521745
5,48,2,3,0,1,2537.439493442381,0.0,2537.439493442381
6,48,3,5,2,2,4081.064871202404,128.5081987908345,4081.064871202404
7,48,2,2,1,0,2115.4153276354727,61.8173121585131,2115.4153276354727
0,49,5,6,2,1,5444.52196982041,112.6065372528344,5444.52196982041
1,49,2,2,1,0,2450.9130956271924,122.56913826037942,2450.9130956271924
2,49,3,4,3,1,4524.739858222434,154.70539256629715,4524.739858222434
3,49,4,5,0,1,4251.825177755522,0.0,4251.825177755522
4,49,3,4,2,1,4750.910788302057,578.8672656445348,4750.910788302057
5,49,2,3,1,1,2752.828561755395,82.99298149876653,2752.828561755395
6,49,3,5,1,2,4087.856115616818,281.5754798542822,4087.856115616818
7,49,2,2,0,0,2294.389096080938,0.0,2294.389096080938
0,50,5,5,1,0,5341.603786978303,38.54281891069754,5341.603786978303
1,50,2,3,1,1,2451.6021065289488,176.73580492704608,2451.6021065289488
2,50,3,4,2,1,4061.0523793905195,73.05317839348506,4061.0523793905195
3,50,4,4,1,0,4335.300420520053,51.16752555458297,4335.300420520053
4,50,3,3,2,0,3981.6106106473617,371.545211915961,3981.6106106473617
5,50,2,3,0,1,3102.8714787027484,0.0,3102.8714787027484
6,50,3,4,2,1,3686.6388804190224,423.7422896291087,3686.6388804190224
7,50,2,2,1,0,2295.455953263212,185.1786033454085,2295.455953263212
0,51,5,6,1,1,5901.867434847757,112.27333677759871,5901.867434847757
1,51,2,2,2,0,2480.2952782710263,69.33637416143708,2480.2952782710263
2,51,3,4,2,1,3750.4457125271406,309.24593364165816,3750.4457125271406
3,51,4,4,1,0,4422.565731283245,20.919684962997707,4422.565731283245
4,51,3,4,2,1,4451.565858755859,457.70211064874,4451.565858755859
5,51,2,3,1,1,3039.512919696043,5.501826100402847,3039.512919696043
6,51,3,5,2,2,4108.862220991451,298.6514710748441,4108.862220991451
7,51,2,2,1,0,2257.6641936950327,32.2187652551324,2257.6641936950327
0,52,5,7,1,2,5647.096861366848,23.98509631376766,5647.096861366848
1,52,2,3,0,1,2881.3480124698913,0.0,2881.3480124698913
2,52,3,4,0,1,4228.873069743605,0.0,4228.873069743605
3,52,4,5,0,1,4873.274804577546,0.0,4873.274804577546
4,52,3,4,2,1,4315.929611588629,290.2191732341888,4315.929611588629
5,52,2,4,0,2,3229.107532779117,0.0,3229.107532779117
6,52,3,4,1,1,4568.746761627788,155.56757740137374,4568.746761627788
7,52,2,2,1,0,2348.7486609688062,170.15064549184643,2348.7486609688062
0,53,5,7,0,2,5717.974354499729,0.0,5717.974354499729
1,53,2,3,1,1,3081.8388023754806,154.37409551669703,3081.8388023754806
2,53,3,4,1,1,3809.9737383711617,48.10545710395164,3809.9737383711617
3,53,4,5,0,1,4715.0592817842835,0.0,4715.0592817842835
4,53,3,4,3,1,4874.937240622799,470.48317057050485,4874.937240622799
5,53,2,3,1,1,2836.161895088728,82.99298149876653,2836.161895088728
6,53,3,4,2,1,4185.632068778545,99.14859646772416,4185.632068778545
7,53,2,2,1,0,2560.978474236228,191.99247371721535,2560.978474236228
0,54,5,8,0,3,5551.447354537172,0.0,5551.447354537172
1,54,2,3,1,1,2848.0118632831663,198.14556168126333,2848.0118632831663
2,54,3,4,1,1,4000.333936296854,85.18367825067577,4000.333936296854
3,54,4,6,0,2,4721.730472272548,0.0,4721.730472272548
4,54,3,5,2,2,5079.694424800522,232.55729668556603,5079.694424800522
5,54,2,3,0,1,2622.81232612682,0.0,2622.81232612682
6,54,3,4,2,1,4232.39003453529,373.6221859036025,4232.39003453529
7,54,2,2,1,0,2378.7892865965455,185.1786033454085,2378.7892865965455
0,55,5,5,1,0,5770.995141093176,60.74281412654693,5770.995141093176
1,55,2,2,0,0,1849.8512703706224,0.0,1849.8512703706224
2,55,3,4,2,1,3579.8888569014302,106.02504358077982,3579.8888569014302
3,55,4,6,0,2,4417.513311283262,0.0,4417.513311283262
4,55,3,4,3,1,4923.714704816762,481.64575107129593,4923.714704816762
5,55,2,4,0,2,2618.6393632467625,0.0,2618.6393632467625
6,55,3,5,2,2,3987.6288711341367,177.41812121752943,3987.6288711341367
7,55,2,2,1,0,2240.4153276354727,61.8173121585131,2240.4153276354727
0,56,5,5,2,0,5737.05710208491,38.7643437459899,5737.05710208491
1,56,2,3,0,1,3004.54734443573,0.0,3004.54734443573
2,56,3,4,0,1,3996.5966421588955,0.0,3996.5966421588955
3,56,4,5,0,1,4865.259619516244,0.0,4865.259619516244
4,56,3,4,3,1,4767.570836826797,219.58840232177337,4767.570836826797
5,56,2,4,0,2,2529.943838236201,0.0,2529.943838236201
6,56,3,4,1,1,4447.7908947529795,206.63736912692218,4447.7908947529795
7,56,2,2,1,0,2458.2473143525185,107.93522533225124,2458.2473143525185
0,57,5,6,1,1,5601.502492116477,23.98509631376766,5601.502492116477
1,57,2,2,1,0,2559.246428960526,230.9024715937129,2559.246428960526
2,57,3,5,1,2,3863.497215006777,71.13961552919329,3863.497215006777
3,57,4,4,0,0,4478.233418166183,0.0,4478.233418166183
4,57,3,3,3,0,3760.50214753362,144.06379136923584,3760.50214753362
5,57,2,3,0,1,2643.456637108106,0.0,2643.456637108106
6,57,3,4,3,1,4296.46718847764,287.80798306815825,4296.46718847764
7,57,2,2,1,0,2505.8283525043507,165.84910226653247,2505.8283525043507
0,58,5,6,1,1,5320.129494291171,44.25246542466745,5320.129494291171
1,58,2,3,1,1,2860.407244652747,89.81222834793016,2860.407244652747
2,58,3,3,2,0,3911.474640178917,415.0688564890989,3911.474640178917
3,58,4,6,1,2,4583.63156380363,28.49737533753695,4583.63156380363
4,58,3,4,3,1,4578.328608848023,387.0731172951316,4578.328608848023
5,58,2,2,1,0,2352.296417631612,17.16859413570425,2352.296417631612
6,58,3,3,2,0,3859.877699871732,293.9146129602872,3859.877699871732
7,58,2,2,1,0,2404.080647685852,53.76855866558457,2404.080647685852
0,59,5,5,1,0,5770.793253746318,38.22584387029459,5770.793253746318
1,59,2,3,1,1,2889.573911319413,35.64556168126351,2889.573911319413
2,59,3,4,1,1,4013.818336239555,118.54895467084519,4013.818336239555
3,59,4,5,0,1,4686.35706206636,0.0,4686.35706206636
4,59,3,4,2,1,4476.298978402078,344.1120086686673,4476.298978402078
5,59,2,4,1,2,2700.04496557524,59.668492767069516,2700.04496557524
6,59,3,4,2,1,4451.646210570751,470.53827986162923,4451.646210570751
7,59,2,2,1,0,2465.145140902895,137.82580705054866,2465.145140902895
0,60,5,5,2,0,5829.03061089799,125.92446210201989,5829.03061089799
1,60,2,2,1,0,2011.5564688296183,159.05585998898357,2011.5564688296183
2,60,3,4,2,1,4373.021398084408,234.59484434464727,4373.021398084408
3,60,4,5,0,1,4916.882921163496,0.0,4916.882921163496
4,60,3,4,3,1,4747.441861451909,498.8056846731936,4747.441861451909
5,60,2,3,0,1,2663.243267519027,0.0,2663.243267519027
6,60,3,4,2,1,3866.3669447145935,478.4703539246804,3866.3669447145935
7,60,2,2,1,0,2445.7473143525185,53.76855866558457,2445.7473143525185
0,61,5,5,1,0,5442.724388046549,56.21877511018496,5442.724388046549
1,61,2,3,1,1,3026.3778834794416,184.37690400270907,3026.3778834794416
2,61,3,4,2,1,3896.509570000984,149.4518105350541,3896.509570000984
3,61,4,5,0,1,4690.608179204434,0.0,4690.608179204434
4,61,3,4,3,1,5094.885449052905,523.4961095781441,5094.885449052905
5,61,2,3,0,1,2544.9584457542032,0.0,2544.9584457542032
6,61,3,4,2,1,3811.350423836741,439.0581508759671,3811.350423836741
7,61,2,2,1,0,2602.645140902895,191.99247371721535,2602.645140902895
0,62,5,4,2,0,5061.50925361154,76.05188295389577,5061.50925361154
1,62,2,2,1,0,2438.1814929335214,35.59182413911698,2438.1814929335214
2,62,3,4,1,1,4113.218071351961,118.54895467084519,4113.218071351961
3,62,4,6,1,2,3886.909688924452,75.430887939495,3886.909688924452
4,62,3,4,2,1,4747.76516646725,329.4852237115003,4747.76516646725
5,62,2,3,1,1,2789.444172899295,57.447252289065894,2789.444172899295
6,62,3,4,1,1,4212.453606329686,260.80403579358887,4212.453606329686
7,62,2,2,1,0,2361.2486609688062,224.31731215851326,2361.2486609688062
0,63,5,5,1,0,5521.241302546293,48.26565172268662,5521.241302546293
1,63,2,3,1,1,2997.907244652747,143.97889501459684,2997.907244652747
2,63,3,3,2,0,3717.822729971478,263.0836129483262,3717.822729971478
3,63,4,5,0,1,4347.987000696969,0.0,4347.987000696969
4,63,3,4,3,1,4656.350192442931,380.94790536413194,4656.350192442931
5,63,2,4,0,2,2602.941980064891,0.0,2602.941980064891
6,63,3,6,1,3,4346.020653799747,24.947418757273933,4346.020653799747
7,63,2,2,1,0,2127.9153276354727,115.98397882517975,2127.9153276354727
0,64,5,5,0,0,5608.739034695909,0.0,5608.739034695909
1,64,2,2,1,0,2420.085261591728,47.910852542122385,2420.085261591728
2,64,3,4,0,1,4102.380533028201,0.0,4102.380533028201
3,64,4,5,1,1,4741.7417620576225,2.579416606894799,4741.7417620576225
4,64,3,4,2,1,4435.277595004731,288.8895357902727,4435.277595004731
5,64,2,3,0,1,2740.4461738778646,0.0,2740.4461738778646
6,64,3,5,1,2,3905.9625709438287,0.9092108264040664,3905.9625709438287
7,64,2,2,0,0,2211.055762747605,0.0,2211.055762747605
0,65,5,5,2,0,5921.433231814592,46.6029718073395,5921.433231814592
1,65,2,2,2,0,2474.4944773670354,63.53557325744647,2474.4944773670354
2,65,3,3,1,0,3508.9341516103786,53.94714272537989,3508.9341516103786
3,65,4,6,0,2,4493.793415740038,0.0,4493.793415740038
4,65,3,4,2,1,4560.380931795873,294.15399995851203,4560.380931795873
5,65,2,2,0,0,2349.6959193232274,0.0,2349.6959193232274
6,65,3,4,1,1,4363.967490257326,201.2360757527586,4363.967490257326
7,65,2,2,1,0,2398.478474236228,29.492473717215336,2398.478474236228
0,66,5,6,3,1,5688.196298103122,230.62726708389596,5688.196298103122
1,66,2,2,1,0,2429.2981987088483,92.996245326717,2429.2981987088483
2,66,3,3,2,0,3568.6262800378718,49.9520993648754,3568.6262800378718
3,66,4,5,0,1,4930.714979829009,0.0,4930.714979829009
4,66,3,3,3,0,3961.7819281401153,345.3435719757315,3961.7819281401153
5,66,2,3,0,1,2850.933970265415,0.0,2850.933970265415
6,66,3,3,1,0,3625.7209574074227,135.39575227536298,3625.7209574074227
7,66,2,3,1,1,3085.99180728596,92.90726747868949,3085.99180728596
0,67,5,5,1,0,5765.381734130853,69.11365800973724,5765.381734130853
1,67,2,3,1,1,2913.877883479441,238.54357066937573,2913.877883479441
2,67,3,3,0,0,3508.9059955817806,0.0,3508.9059955817806
3,67,4,5,0,1,4633.518754458292,0.0,4633.518754458292
4,67,3,4,2,1,4692.8022101255,393.94857372542305,4692.8022101255
5,67,2,4,1,2,2395.8782989085735,5.501826100402847,2395.8782989085735
6,67,3,4,0,1,3768.973410827737,0.0,3768.973410827737
7,67,2,2,1,0,2236.2486609688062,224.31731215851326,2236.2486609688062
0,68,5,7,1,2,6078.196688896216,4.861631897809742,6078.196688896216
1,68,2,2,1,0,2380.079762293859,176.73580492704608,2380.079762293859
2,68,3,3,1,0,3512.93745540154,54.916532700922595,3512.93745540154
3,68,4,5,1,1,4493.761520294722,103.58039650073296,4493.761520294722
4,68,3,4,3,1,4822.3462194121785,376.22548269321703,4822.3462194121785
5,68,2,3,1,1,2848.2859490029996,27.492770602706287,2848.2859490029996
6,68,3,5,2,2,4019.352866160435,250.80878291049476,4019.352866160435
7,68,2,2,1,0,2044.5819943021395,115.98397882517975,2044.5819943021395
0,69,5,5,2,0,4876.042878584688,135.78194106073457,4876.042878584688
1,69,2,2,2,0,2538.0644602707926,127.10555616120367,2538.0644602707926
2,69,3,4,2,1,4044.909332747102,240.56272215041116,4044.909332747102
3,69,4,6,0,2,4630.348626956864,0.0,4630.348626956864
4,69,3,3,3,0,4011.958815526887,395.52045936250335,4011.958815526887
5,69,2,3,0,1,3073.226595235202,0.0,3073.226595235202
6,69,3,4,1,1,3821.739184199704,55.1682883528219,3821.739184199704
7,69,2,3,0,1,3091.1243039908722,0.0,3091.1243039908722
0,70,5,5,0,0,5551.207938187184,0.0,5551.207938187184
1,70,2,3,0,1,2798.0146791365582,0.0,2798.0146791365582
2,70,3,4,1,1,3676.648023892563,42.61709589535464,3676.648023892563
3,70,4,7,0,3,4012.859854403625,0.0,4012.859854403625
4,70,3,4,3,1,4611.41605556174,211.01376848294032,4611.41605556174
5,70,2,4,0,2,2677.827877704397,0.0,2677.827877704397
6,70,3,4,1,1,4416.755586933728,110.38139467016923,4416.755586933728
7,70,2,2,1,0,2169.5819943021397,115.98397882517975,2169.5819943021397
0,71,5,6,2,1,5315.409898078423,105.48562133560809,5315.409898078423
1,71,2,3,1,1,2468.2687731956153,68.40247159371276,2468.2687731956153
2,71,3,3,2,0,3703.0667521421456,149.68339847438403,3703.0667521421456
3,71,4,4,0,0,4451.0711611305405,0.0,4451.0711611305405
4,71,3,4,2,1,4699.784063670063,207.39364179617633,4699.784063670063
5,71,2,4,0,2,2501.194024832639,0.0,2501.194024832639
6,71,3,4,2,1,4360.632068778545,315.8152631343905,4360.632068778545
7,71,2,2,1,0,2265.4153276354727,170.15064549184643,2265.4153276354727
0,72,5,5,0,0,5641.300460665666,0.0,5641.300460665666
1,72,2,2,2,0,2646.397793604126,235.43888949453702,2646.397793604126
2,72,3,4,1,1,4328.800423365901,78.37508035225923,4328.800423365901
3,72,4,6,1,2,5035.903482177946,0.01835882425244664,5035.903482177946
4,72,3,4,1,1,4554.960748189248,490.6043936847531,4554.960748189248
5,72,2,4,0,2,3047.7680558903094,0.0,3047.7680558903094
6,72,3,4,1,1,4473.246492046501,98.30403579358882,4473.246492046501
7,72,2,2,1,0,2422.4950191710172,165.84910226653247,2422.4950191710172
0,73,5,5,1,0,5711.432613553201,58.106670110932036,5711.432613553201
1,73,2,3,1,1,3063.8778834794416,346.87690400270907,3063.8778834794416
2,73,3,3,1,0,3080.2891682391937,6.8533085468936354,3080.2891682391937
3,73,4,5,0,1,4465.799993427207,0.0,4465.799993427207
4,73,3,6,0,3,4611.341025595207,0.0,4611.341025595207
5,73,2,3,2,1,3038.214161279512,129.87812010388808,3038.214161279512
6,73,3,6,1,3,4233.520653799748,79.1140854239406,4233.520653799748
7,73,2,2,0,0,2308.3391854296915,0.0,2308.3391854296915
0,74,5,6,0,1,5528.299695090218,0.0,5528.299695090218
1,74,2,3,2,1,3215.8462893404867,238.34568049985185,3215.8462893404867
2,74,3,4,1,1,3841.9737071273,162.28047605871322,3841.9737071273
3,74,4,5,1,1,3953.975346070671,41.90981353634595,3953.975346070671
4,74,3,4,2,1,4169.496415847726,327.1529104973077,4169.496415847726
5,74,2,4,1,2,2604.2116322419065,5.501826100402847,2604.2116322419065
6,74,3,4,3,1,4321.003572431214,312.3443670217324,4321.003572431214
7,74,2,2,2,0,2819.2199364923886,408.2610323827998,2819.2199364923886
0,75,5,7,1,2,5614.721789168488,112.0437773315533,5614.721789168488
1,75,2,2,2,0,2675.338533148854,264.379629039265,2675.338533148854
2,75,3,4,2,1,4152.223105978226,82.01461573198341,4152.223105978226
3,75,4,6,1,2,4659.362868263323,6.011916152886544,4659.362868263323
4,75,3,4,2,1,4604.933372713641,441.4795958207001,4604.933372713641
5,75,2,4,0,2,2618.6393632467625,0.0,2618.6393632467625
6,75,3,4,1,1,3963.244316212904,197.90373829900253,3963.244316212904
7,75,2,2,1,0,2548.4784742362285,137.82580705054866,2548.4784742362285
0,76,5,5,2,0,5858.657362342002,74.8619242060483,5858.657362342002
1,76,2,3,1,1,3068.044550146108,184.37690400270907,3068.044550146108
2,76,3,3,1,0,3673.7768829679026,103.4924641027395,3673.7768829679026
3,76,4,5,0,1,4508.391689652802,0.0,4508.391689652802
4,76,3,4,2,1,4329.533017739879,259.96864759142636,4329.533017739879
5,76,2,3,1,1,2286.817219103265,24.825456580013892,2286.817219103265
6,76,3,4,2,1,4367.436710156127,141.9068515046221,4367.436710156127
7,76,2,2,2,0,2602.553269825722,191.59436571613324,2602.553269825722
0,77,5,6,2,1,5448.406332468076,214.51308597165726,5448.406332468076
1,77,2,3,1,1,2493.2687731956153,176.73580492704608,2493.2687731956153
2,77,3,4,2,1,3959.518242632804,149.56682609594412,3959.518242632804
3,77,4,5,0,1,4755.1585799305085,0.0,4755.1585799305085
4,77,3,4,3,1,4670.241760015525,311.5061396033926,4670.241760015525
5,77,2,3,0,1,3129.4573318017624,0.0,3129.4573318017624
6,77,3,4,2,1,4274.056701201957,373.6221859036025,4274.056701201957
7,77,2,2,1,0,2002.9153276354727,115.98397882517975,2002.9153276354727
0,78,5,5,2,0,5946.493647970666,112.16632371850483,5946.493647970666
1,78,2,2,0,0,2282.837526710375,0.0,2282.837526710375
2,78,3,4,2,1,3366.0867072912365,85.52712238022052,3366.0867072912365
3,78,4,5,0,1,4061.5447829085283,0.0,4061.5447829085283
4,78,3,4,3,1,4756.49909473594,217.7889985728487,4756.49909473594
5,78,2,3,0,1,2700.396929239525,0.0,2700.396929239525
6,78,3,6,1,3,4246.232247997936,45.274835833411835,4246.232247997936
7,78,2,2,1,0,2069.5819943021397,224.31731215851326,2069.5819943021397
0,79,5,6,1,1,6000.216368940344,6.576147459880265,6000.216368940344
1,79,2,2,1,0,2483.464865375515,147.16291199338366,2483.464865375515
2,79,3,4,2,1,4072.4817653701098,268.13515477341906,4072.4817653701098
3,79,4,6,1,2,4696.954758162605,75.08635162966438,4696.954758162605
4,79,3,4,2,1,4322.880931795873,348.32066662517866,4322.880931795873
5,79,2,3,0,1,2532.1128405445306,0.0,2532.1128405445306
6,79,3,4,1,1,3807.111054232536,74.93193038119286,3807.111054232536
7,79,2,2,1,0,2366.289286596545,131.01193667874168,2366.289286596545
0,80,5,5,1,0,5899.14651219604,95.74807687402296,5899.14651219604
1,80,2,2,1,0,2410.440441492138,11.279297387638229,2410.440441492138
2,80,3,4,1,1,3555.394466784918,24.24684097023856,3555.394466784918
3,80,4,5,0,1,4287.595657924864,0.0,4287.595657924864
4,80,3,3,3,0,3911.7798452430507,295.3414890786668,3911.7798452430507
5,80,2,4,0,2,2839.434722556976,0.0,2839.434722556976
6,80,3,4,1,1,3925.217905470982,247.68706064325806,3925.217905470982
7,80,2,2,1,0,2339.161685837684,165.84910226653247,2339.161685837684
0,81,5,5,0,0,5508.600083988264,0.0,5508.600083988264
1,81,2,3,1,1,2468.2687731956153,68.40247159371276,2468.2687731956153
2,81,3,3,1,0,3644.228793756737,172.5989879191576,3644.228793756737
3,81,4,5,0,1,4770.30259656275,0.0,4770.30259656275
4,81,3,4,3,1,4609.4338242097465,413.31308749078516,4609.4338242097465
5,81,2,4,0,2,2660.306029913429,0.0,2660.306029913429
6,81,3,4,3,1,4441.0020119980745,474.00947325525965,4441.0020119980745
7,81,2,3,1,1,3257.9441686557375,191.99247371721535,3257.9441686557375
0,82,5,7,0,2,5458.789481015005,0.0,5458.789481015005
1,82,2,3,0,1,2285.816920776553,0.0,2285.816920776553
2,82,3,4,1,1,4013.818336239555,118.54895467084519,4013.818336239555
3,82,4,5,0,1,4718.560744135891,0.0,4718.560744135891
4,82,3,4,2,1,4491.258754573195,347.09829534182416,4491.258754573195
5,82,2,3,0,1,2780.394375854309,0.0,2780.394375854309
6,82,3,4,1,1,3871.0324516358696,219.3601806400486,3871.0324516358696
7,82,2,2,1,0,2387.4139810191855,162.1018919989179,2387.4139810191855
0,83,5,5,1,0,5609.88744768347,73.72231892835158,5609.88744768347
1,83,2,3,1,1,2422.4354398622822,230.9024715937129,2422.4354398622822
2,83,3,4,1,1,4442.448057951737,108.41803782427866,4442.448057951737
3,83,4,8,0,4,4197.736711319362,0.0,4197.736711319362
4,83,3,3,3,0,4020.868512957366,404.4301567929822,4020.868512957366
5,83,2,4,0,2,2644.608646731557,0.0,2644.608646731557
6,83,3,3,2,0,3830.911399401909,360.95764469794216,3830.911399401909
7,83,2,2,1,0,2474.3308603616993,248.8854319217992,2474.3308603616993
0,84,5,6,1,1,5165.341657764559,96.9655450412047,5165.341657764559
1,84,2,2,1,0,2451.3916541827884,143.97889501459684,2451.3916541827884
2,84,3,4,3,1,4627.722085151889,341.02095282908465,4627.722085151889
3,84,4,5,0,1,4820.458851059355,0.0,4820.458851059355
4,84,3,4,2,1,4769.724645420014,458.7173784529198,4769.724645420014
5,84,2,3,1,1,2096.0467574560334,0.1723732262140503,2096.0467574560334
6,84,3,4,2,1,4301.818145453304,268.967707528095,4301.818145453304
7,84,2,2,1,0,2404.080647685852,53.76855866558457,2404.080647685852
0,85,5,7,1,2,5836.196240510552,38.214789225679866,5836.196240510552
1,85,2,3,1,1,2935.9430013758124,56.022729703436326,2935.9430013758124
2,85,3,4,1,1,4370.467090032568,78.37508035225923,4370.467090032568
3,85,4,4,0,0,4475.532885767476,0.0,4475.532885767476
4,85,3,4,2,1,4072.2168419725776,193.54117488594156,4072.2168419725776
5,85,2,4,1,2,2825.04496557524,59.668492767069516,2825.04496557524
6,85,3,5,1,2,3773.758511742827,52.38624320080383,3773.758511742827
7,85,2,2,1,0,2319.5819943021397,224.31731215851326,2319.5819943021397
0,86,5,5,2,0,5997.035365627887,126.3632966874914,5997.035365627887
1,86,2,2,0,0,2150.290027396135,0.0,2150.290027396135
2,86,3,4,1,1,4192.591437994215,54.916532700922595,4192.591437994215
3,86,4,5,0,1,4788.4121585420135,0.0,4788.4121585420135
4,86,3,4,2,1,4552.51716751008,345.57080209064065,4552.51716751008
5,86,2,4,1,2,2700.04496557524,59.668492767069516,2700.04496557524
6,86,3,4,1,1,4133.28693966302,98.30403579358882,4133.28693966302
7,86,2,2,2,0,2548.3866031590555,137.42769904946658,2548.3866031590555
0,87,5,5,1,0,5187.579863556787,60.056529093759266,5187.579863556787
1,87,2,3,0,1,2937.7716296495546,0.0,2937.7716296495546
2,87,3,4,1,1,4047.2261646725324,162.28047605871322,4047.2261646725324
3,87,4,6,0,2,4550.497153630903,0.0,4550.497153630903
4,87,3,5,3,2,5079.54261396942,219.47338836032134,5079.54261396942
5,87,2,4,1,2,2616.711632241907,59.668492767069516,2616.711632241907
6,87,3,4,2,1,3315.324535188617,135.76127773203675,3315.324535188617
7,87,2,2,1,0,2506.811807569562,137.82580705054866,2506.811807569562
0,88,5,5,1,0,5429.374310752286,222.21224457066398,5429.374310752286
1,88,2,3,1,1,2339.102106528949,230.9024715937129,2339.102106528949
2,88,3,4,1,1,3889.3441990336337,108.11380939204655,3889.3441990336337
3,88,4,5,1,1,4198.409564255259,77.34038106920578,4198.409564255259
4,88,3,4,3,1,4575.765518250406,81.48480966359686,4575.765518250406
5,88,2,4,0,2,2410.3060299134286,0.0,2410.3060299134286
6,88,3,5,1,2,4222.418513971123,45.274835833411835,4222.418513971123
7,88,2,2,1,0,2494.3118075695616,83.659140383882,2494.3118075695616
0,89,5,5,1,0,5450.97740926043,77.56454417036937,5450.97740926043
1,89,2,2,2,0,2588.6286116043593,177.66970749477042,2588.6286116043593
2,89,3,4,2,1,4242.672588691239,181.70342979952247,4242.672588691239
3,89,4,7,0,3,4042.0902868479557,0.0,4042.0902868479557
4,89,3,4,1,1,4061.4860217492533,111.57991645807543,4061.4860217492533
5,89,2,4,0,2,3256.1013892236424,0.0,3256.1013892236424
6,89,3,4,2,1,4305.845826494197,314.6620552356548,4305.845826494197
7,89,2,2,1,0,2499.9139810191855,107.93522533225124,2499.9139810191855
0,90,5,5,2,0,5429.496019281011,116.03224096724729,5429.496019281011
1,90,2,2,1,0,2297.932751067294,73.39901779694861,2297.932751067294
2,90,3,3,1,0,3542.3259933578147,113.40392843644241,3542.3259933578147
3,90,4,5,0,1,4826.516636445256,0.0,4826.516636445256
4,90,3,4,3,1,4975.790966208588,414.24641492580463,4975.790966208588
5,90,2,3,1,1,2650.2510903898064,50.37118578971451,2650.2510903898064
6,90,3,6,1,3,4208.201237422052,27.178528523098546,4208.201237422052
7,90,2,2,1,0,2044.5819943021395,115.98397882517975,2044.5819943021395
0,91,5,5,1,0,5613.100697700948,84.75516374585615,5613.100697700948
1,91,2,3,1,1,2409.9354398622822,176.73580492704608,2409.9354398622822
2,91,3,4,2,1,4156.442363373182,336.08050293265745,4156.442363373182
3,91,4,5,0,1,4510.2407521436435,0.0,4510.2407521436435
4,91,3,3,3,0,4055.787578689239,439.3492225248553,4055.787578689239
5,91,2,3,1,1,2677.012919696043,59.668492767069516,2677.012919696043
6,91,3,3,1,0,3717.254949843727,261.164467231225,3717.254949843727
7,91,2,2,1,0,2199.622619929879,131.01193667874168,2199.622619929879
0,92,5,7,2,2,5177.503431387543,97.34279946911042,5177.503431387543
1,92,2,2,1,0,2355.079762293859,68.40247159371276,2355.079762293859
2,92,3,4,1,1,4361.5048517578025,10.308455598072998,4361.5048517578025
3,92,4,6,0,2,4305.445607430623,0.0,4305.445607430623
4,92,3,4,3,1,4867.714000227858,292.4309992819288,4867.714000227858
5,92,2,3,1,1,2794.4952284220617,82.99298149876653,2794.4952284220617
6,92,3,6,1,3,4637.687320466414,24.947418757273933,4637.687320466414
7,92,2,2,1,0,2312.1226199298785,76.845270012075,2312.1226199298785
0,93,5,7,1,2,5137.942158804505,52.64097775913981,5137.942158804505
1,93,2,2,1,0,2313.4130956271924,68.40247159371276,2313.4130956271924
2,93,3,4,1,1,4216.710517194255,53.94714272537989,4216.710517194255
3,93,4,5,0,1,4375.8535088511635,0.0,4375.8535088511635
4,93,3,4,2,1,4624.802264897082,488.44057822579197,4624.802264897082
5,93,2,2,0,0,2306.4380666074458,0.0,2306.4380666074458
6,93,3,5,2,2,4316.116718803573,90.61651229373639,4316.116718803573
7,93,2,2,1,0,2416.5806476858525,107.93522533225124,2416.5806476858525
0,94,5,6,1,1,6355.756903276391,82.79039864648337,6355.756903276391
1,94,2,3,1,1,3165.172135708814,154.37409551669703,3165.172135708814
2,94,3,4,1,1,4299.633756699235,132.5417470189259,4299.633756699235
3,94,4,5,1,1,4684.267486845752,2.579416606894799,4684.267486845752
4,94,3,4,2,1,4458.978258238983,266.61665598599325,4458.978258238983
5,94,2,3,1,1,2754.5614312645525,5.501826100402847,2754.5614312645525
6,94,3,5,2,2,3891.7955378008037,123.25145455086277,3891.7955378008037
7,94,2,4,0,2,3788.0899984103817,0.0,3788.0899984103817
0,95,5,5,1,0,5286.4928721072965,112.27333677759871,5286.4928721072965
1,95,2,3,1,1,2956.24057798608,143.97889501459684,2956.24057798608
2,95,3,4,2,1,4110.55643931156,82.01461573198341,4110.55643931156
3,95,4,5,0,1,5035.989952843471,0.0,5035.989952843471
4,95,3,4,3,1,4984.858895374532,472.99487464193334,4984.858895374532
5,95,2,3,0,1,2643.9891622694086,0.0,2643.9891622694086
6,95,3,4,3,1,4311.052919788282,330.9814960726061,4311.052919788282
7,95,2,2,1,0,2257.955953263212,22.67860334540833,2257.955953263212
0,96,5,5,1,0,5778.279881190477,84.75516374585615,5778.279881190477
1,96,2,2,1,0,2291.7981987088483,38.82957866005034,2291.7981987088483
2,96,3,4,1,1,3977.8566078268095,24.24684097023856,3977.8566078268095
3,96,4,5,0,1,4299.1216251050355,0.0,4299.1216251050355
4,96,3,5,2,2,4378.335996888209,257.89383981795334,4378.335996888209
5,96,2,3,1,1,2683.728097931219,59.668492767069516,2683.728097931219
6,96,3,3,2,0,3745.463510343485,221.16709009870615,3745.463510343485
7,96,2,2,0,0,2101.1497940604313,0.0,2101.1497940604313
0,97,5,6,0,1,5012.446333965449,0.0,5012.446333965449
1,97,2,3,1,1,3039.573911319414,143.97889501459684,3039.573911319414
2,97,3,4,1,1,4252.553579036106,109.08319936758926,4252.553579036106
3,97,4,6,0,2,4312.209471022919,0.0,4312.209471022919
4,97,3,4,2,1,4516.234685315083,198.85758029397687,4516.234685315083
5,97,2,2,0,0,2188.2393916248807,0.0,2188.2393916248807
6,97,3,3,2,0,3843.8040594101544,351.7862039196308,3843.8040594101544
7,97,2,2,2,0,2548.3866031590555,137.42769904946658,2548.3866031590555
0,98,5,5,2,0,5621.722066215363,77.66232237261696,5621.722066215363
1,98,2,3,0,1,2396.1049629828885,0.0,2396.1049629828885
2,98,3,4,1,1,4122.063174020869,109.08319936758926,4122.063174020869
3,98,4,6,0,2,4188.600303781758,0.0,4188.600303781758
4,98,3,4,2,1,4704.43407364386,560.2736144124884,4704.43407364386
5,98,2,3,0,1,2745.772826775714,0.0,2745.772826775714
6,98,3,4,1,1,4314.252802670749,323.07157627145193,4314.252802670749
7,98,2,2,2,0,2941.0177639538706,530.0588598442819,2941.0177639538706
0,99,5,7,0,2,5429.604775889564,0.0,5429.604775889564
1,99,2,3,1,1,3097.907244652747,35.64556168126351,3097.907244652747
2,99,3,4,2,1,3423.9100268319257,116.71288017794217,3423.9100268319257
3,99,4,5,1,1,4416.285889318985,23.1737144025391,4416.285889318985
4,99,3,4,3,1,5138.692437827724,567.3030983529628,5138.692437827724
5,99,2,3,1,1,2751.1479464478803,6.757256829272402,2751.1479464478803
6,99,3,5,1,2,4065.528915670541,285.54098729150684,4065.528915670541
7,99,2,2,1,0,2512.4139810191855,162.1018919989179,2512.4139810191855
0,100,5,5,1,0,5794.883274022389,92.38145589234654,5794.883274022389
1,100,2,2,1,0,2291.7981987088483,38.82957866005034,2291.7981987088483
2,100,3,3,2,0,3774.3828616055853,241.21268147380806,3774.3828616055853
3,100,4,5,0,1,4455.315281652024,0.0,4455.315281652024
4,100,3,4,3,1,4413.98363816468,221.91468441921444,4413.98363816468
5,100,2,3,1,1,2885.3462530293764,59.668492767069516,2885.3462530293764
6,100,3,5,2,2,4539.784606370731,336.3747178811812,4539.784606370731
7,100,2,2,1,0,2145.455953263212,76.845270012075,2145.455953263212
