region,day,total_trucks,total_routes,total_cost,total_ww_cost
0,1,5,7,5814.014461028236,5814.014461028236
1,1,2,2,2675.3385331488544,2675.3385331488544
2,1,3,4,4295.562731528613,4295.562731528613
3,1,4,5,4786.267980182279,4786.267980182279
4,1,3,4,4811.214704816762,4811.214704816762
5,1,2,3,2741.0652104257324,2741.0652104257324
6,1,3,4,3937.6056622021147,3937.6056622021147
7,1,2,2,2398.478474236228,2398.478474236228
0,2,5,6,5936.424096757969,5936.424096757969
1,2,2,2,2515.2344468239444,2515.2344468239444
2,2,3,4,4495.866762044816,4495.866762044816
3,2,4,4,3980.5869011531727,3980.5869011531727
4,2,3,4,4838.4946002589395,4838.4946002589395
5,2,2,3,2302.2448717498596,2302.2448717498596
6,2,3,6,4425.191328596455,4425.191328596455
7,2,2,2,2403.4975270283658,2403.4975270283658
0,3,5,5,5896.438485440064,5896.438485440064
1,3,2,3,2464.1021065289488,2464.1021065289488
2,3,3,4,3970.5378496987205,3970.5378496987205
3,3,4,6,4828.508914734508,4828.508914734508
4,3,3,4,4581.85150515194,4581.85150515194
5,3,2,2,2315.923588889974,2315.923588889974
6,3,3,5,3720.7756863467303,3720.7756863467303
7,3,2,2,2169.5819943021393,2169.5819943021393
0,4,5,5,5781.661906810356,5781.661906810356
1,4,2,3,3138.877883479442,3138.877883479442
2,4,3,4,4332.0741506182185,4332.0741506182185
3,4,4,6,4502.116968439498,4502.116968439498
4,4,3,4,4412.51193292555,4412.51193292555
5,4,2,3,2696.4624984918664,2696.4624984918664
6,4,3,5,4541.892094559202,4541.892094559202
7,4,2,2,2416.5806476858525,2416.5806476858525
0,5,5,6,6467.718792994467,6467.718792994467
1,5,2,2,2302.199743549804,2302.199743549804
2,5,3,5,5247.520638463637,5247.520638463637
3,5,4,4,4496.493409803348,4496.493409803348
4,5,3,4,4449.315392816498,4449.315392816498
5,5,2,3,2275.8355527012895,2275.8355527012895
6,5,3,4,4208.110929817891,4208.110929817891
7,5,2,2,2647.0344563428193,2647.0344563428193
0,6,5,7,5707.5425239171755,5707.5425239171755
1,6,2,2,2179.9679950552636,2179.9679950552636
2,6,3,4,4125.534984649398,4125.534984649398
3,6,4,5,4800.320871024694,4800.320871024694
4,6,3,4,4690.835353929434,4690.835353929434
5,6,2,3,2714.071353981207,2714.071353981207
6,6,3,4,4088.863020275393,4088.863020275393
7,6,2,3,3199.3657662470328,3199.3657662470328
0,7,5,5,6120.183928022218,6120.183928022218
1,7,2,2,2384.7249875161215,2384.7249875161215
2,7,3,4,3930.995819450378,3930.995819450378
3,7,4,5,4183.12335247716,4183.12335247716
4,7,3,4,4572.325437814037,4572.325437814037
5,7,2,2,2452.3807987001655,2452.3807987001655
6,7,3,5,4082.1955823372086,4082.1955823372086
7,7,2,2,2566.5806476858515,2566.5806476858515
0,8,5,5,6110.337079023349,6110.337079023349
1,8,2,3,2847.907244652747,2847.907244652747
2,8,3,4,4453.9448293199675,4453.9448293199675
3,8,4,5,4802.927872264868,4802.927872264868
4,8,3,4,4521.089082169957,4521.089082169957
5,8,2,3,2302.2448717498596,2302.2448717498596
6,8,3,4,4240.490598304025,4240.490598304025
7,8,2,2,2512.4139810191855,2512.4139810191855
0,9,5,6,5714.221309236835,5714.221309236835
1,9,2,3,2397.435439862282,2397.435439862282
2,9,3,4,4272.48586898138,4272.48586898138
3,9,4,5,4159.054469478597,4159.054469478597
4,9,3,4,4541.6039072894655,4541.6039072894655
5,9,2,3,2122.577612195723,2122.577612195723
6,9,3,4,4032.1630492630693,4032.1630492630693
7,9,2,2,2560.978474236228,2560.978474236228
0,10,5,6,6101.468384920231,6101.468384920231
1,10,2,3,2534.935439862282,2534.935439862282
2,10,3,4,4312.207228223572,4312.207228223572
3,10,4,5,4311.112324430042,4311.112324430042
4,10,3,4,4853.858737720715,4853.858737720715
5,10,2,2,2357.5902555566404,2357.5902555566404
6,10,3,4,3782.0675646877125,3782.0675646877125
7,10,2,2,2404.080647685852,2404.080647685852
0,11,5,7,5923.472726250367,5923.472726250367
1,11,2,3,2372.4354398622822,2372.4354398622822
2,11,3,4,3581.4692194436225,3581.4692194436225
3,11,4,5,4410.697424740236,4410.697424740236
4,11,3,4,4553.532838451647,4553.532838451647
5,11,2,3,2616.0652104257324,2616.0652104257324
6,11,3,5,4341.51334097261,4341.51334097261
7,11,2,2,2301.661685837684,2301.661685837684
0,12,5,6,6341.693793889336,6341.693793889336
1,12,2,2,2297.627909874797,2297.627909874797
2,12,3,4,3649.1563896018947,3649.1563896018947
3,12,4,6,5535.562684514583,5535.562684514583
4,12,3,4,5070.690977423044,5070.690977423044
5,12,2,3,2294.342055748077,2294.342055748077
6,12,3,4,4396.603376822794,4396.603376822794
7,12,2,2,2326.6616858376838,2326.6616858376838
0,13,5,6,6106.861334867235,6106.861334867235
1,13,2,2,2625.116579740399,2625.116579740399
2,13,3,4,4062.6098314978435,4062.6098314978435
3,13,4,4,4138.046191643495,4138.046191643495
4,13,3,4,4601.229248756593,4601.229248756593
5,13,2,3,3002.4680762086027,3002.4680762086027
6,13,3,4,4129.047539172971,4129.047539172971
7,13,2,2,2265.4153276354727,2265.4153276354727
0,14,5,7,6386.490181452274,6386.490181452274
1,14,2,3,2521.104962982888,2521.104962982888
2,14,3,3,3779.848216717884,3779.848216717884
3,14,4,4,4079.812247923286,4079.812247923286
4,14,3,4,4804.591640628408,4804.591640628408
5,14,2,3,2427.501337082943,2427.501337082943
6,14,3,4,3906.664377268497,3906.664377268497
7,14,2,2,2194.5819943021397,2194.5819943021397
0,15,5,6,6327.859949194342,6327.859949194342
1,15,2,2,2505.5583208494545,2505.5583208494545
2,15,3,4,4073.959553465141,4073.959553465141
3,15,4,7,4496.733012905602,4496.733012905602
4,15,3,4,4125.704501441071,4125.704501441071
5,15,2,3,2491.0652104257324,2491.0652104257324
6,15,3,4,4229.273707536847,4229.273707536847
7,15,2,2,2308.3391854296915,2308.3391854296915
0,16,5,7,5857.041255053338,5857.041255053338
1,16,2,3,2493.2687731956157,2493.2687731956157
2,16,3,3,2942.9947988699323,2942.9947988699323
3,16,4,5,4271.364754893408,4271.364754893408
4,16,3,4,4349.639990134824,4349.639990134824
5,16,2,3,2179.4439680367313,2179.4439680367313
6,16,3,4,3691.782148061923,3691.782148061923
7,16,2,2,2548.3866031590555,2548.3866031590555
0,17,5,5,5938.268253888192,5938.268253888192
1,17,2,2,1814.6895750846209,1814.6895750846209
2,17,3,4,4060.886912369439,4060.886912369439
3,17,4,6,4227.664415419492,4227.664415419492
4,17,3,4,4550.630199942205,4550.630199942205
5,17,2,2,2180.625478878359,2180.625478878359
6,17,3,4,4111.556701201957,4111.556701201957
7,17,2,2,2374.9139810191855,2374.9139810191855
0,18,5,6,6413.216649955273,6413.216649955273
1,18,2,2,2291.7981987088483,2291.7981987088483
2,18,3,4,4203.765874510436,4203.765874510436
3,18,4,6,4625.060877585343,4625.060877585343
4,18,3,4,4715.242183527135,4715.242183527135
5,18,2,2,2398.214132033499,2398.214132033499
6,18,3,4,4233.517808645193,4233.517808645193
7,18,2,3,3320.1990995803662,3320.1990995803662
0,19,5,5,5850.594332371758,5850.594332371758
1,19,2,3,2943.74057798608,2943.74057798608
2,19,3,4,4519.31342347157,4519.31342347157
3,19,4,5,4840.955413308766,4840.955413308766
4,19,3,4,4443.885405568099,4443.885405568099
5,19,2,3,2596.2263539154333,2596.2263539154333
6,19,3,4,4210.936787867284,4210.936787867284
7,19,2,2,2458.2473143525185,2458.2473143525185
0,20,5,6,6637.086041016773,6637.086041016773
1,20,2,3,2414.1021065289488,2414.1021065289488
2,20,3,4,4429.066689910584,4429.066689910584
3,20,4,5,4333.147150345611,4333.147150345611
4,20,3,4,4708.584994212054,4708.584994212054
5,20,2,2,2326.5394419448075,2326.5394419448075
6,20,3,5,4234.635422601146,4234.635422601146
7,20,2,2,2494.219936492389,2494.219936492389
0,21,5,6,5836.33356323607,5836.33356323607
1,21,2,2,1983.6233607294682,1983.6233607294682
2,21,3,4,4093.771415366603,4093.771415366603
3,21,4,6,5019.868814978533,5019.868814978533
4,21,3,4,4532.325658382242,4532.325658382242
5,21,2,2,2214.126659253092,2214.126659253092
6,21,3,4,4500.129859140879,4500.129859140879
7,21,2,2,2194.5819943021397,2194.5819943021397
0,22,5,8,6041.774611145494,6041.774611145494
1,22,2,2,2282.837526710375,2282.837526710375
2,22,3,3,3768.4648908360487,3768.4648908360487
3,22,4,4,4247.929747878695,4247.929747878695
4,22,3,3,4018.7701410449927,4018.7701410449927
5,22,2,2,2290.80776608671,2290.80776608671
6,22,3,3,4004.6919134268555,4004.6919134268555
7,22,2,2,2337.122619929879,2337.122619929879
0,23,5,6,6390.903915709375,6390.903915709375
1,23,2,2,2570.9499130737327,2570.9499130737327
2,23,3,4,4649.275508863874,4649.275508863874
3,23,4,6,4442.322644463416,4442.322644463416
4,23,3,4,4502.776937637095,4502.776937637095
5,23,2,2,2268.2933259197584,2268.2933259197584
6,23,3,4,4305.414306007869,4305.414306007869
7,23,2,2,2560.978474236228,2560.978474236228
0,24,5,6,5862.447615510746,5862.447615510746
1,24,2,3,2451.6021065289488,2451.6021065289488
2,24,3,4,4039.1525356480465,4039.1525356480465
3,24,4,5,4904.511892789187,4904.511892789187
4,24,3,4,4422.526986544351,4422.526986544351
5,24,2,3,2612.8752201925545,2612.8752201925545
6,24,3,4,4180.972584035017,4180.972584035017
7,24,2,2,2602.553269825722,2602.553269825722
0,25,5,6,5472.410180085134,5472.410180085134
1,25,2,2,2339.5100925186307,2339.5100925186307
2,25,3,4,4141.59762847115,4141.59762847115
3,25,4,4,4460.38826235824,4460.38826235824
4,25,3,5,4532.148718303351,4532.148718303351
5,25,2,3,2755.08765043365,2755.08765043365
6,25,3,5,4155.680465540761,4155.680465540761
7,25,2,2,2656.719936492389,2656.719936492389
0,26,5,6,5883.602725192067,5883.602725192067
1,26,2,2,2400.131532042182,2400.131532042182
2,26,3,4,4549.068451644862,4549.068451644862
3,26,4,5,5138.640454909548,5138.640454909548
4,26,3,5,4649.047604946131,4649.047604946131
5,26,2,3,2571.208553525888,2571.208553525888
6,26,3,5,4581.366951750367,4581.366951750367
7,26,2,2,2361.2486609688062,2361.2486609688062
0,27,5,6,6445.874613810034,6445.874613810034
1,27,2,3,2881.776334709146,2881.776334709146
2,27,3,4,3452.800039210077,3452.800039210077
3,27,4,4,4529.74106629523,4529.74106629523
4,27,3,5,5163.3345899815795,5163.3345899815795
5,27,2,2,2339.126659253092,2339.126659253092
6,27,3,4,4023.5661807086044,4023.5661807086044
7,27,2,2,2416.5806476858525,2416.5806476858525
0,28,5,6,6760.2811844763655,6760.2811844763655
1,28,2,3,2959.711216812775,2959.711216812775
2,28,3,3,3513.0968553132134,3513.0968553132134
3,28,4,6,4308.917233597223,4308.917233597223
4,28,3,4,4575.570804690231,4575.570804690231
5,28,2,2,2393.293325919759,2393.293325919759
6,28,3,3,4009.633433869086,4009.633433869086
7,28,2,2,2432.0819943021397,2432.0819943021397
0,29,5,7,5343.196173561021,5343.196173561021
1,29,2,3,2509.9354398622822,2509.9354398622822
2,29,3,4,4441.473469373806,4441.473469373806
3,29,4,4,4208.7518728550085,4208.7518728550085
4,29,3,4,5311.569679627697,5311.569679627697
5,29,2,3,2179.4439680367313,2179.4439680367313
6,29,3,4,3766.9797198348792,3766.9797198348792
7,29,2,2,2494.3118075695616,2494.3118075695616
0,30,5,5,5994.82304904507,5994.82304904507
1,30,2,3,3060.9430013758124,3060.9430013758124
2,30,3,4,3587.6556709049823,3587.6556709049823
3,30,4,5,4605.811107888734,4605.811107888734
4,30,3,4,4668.553311214572,4668.553311214572
5,30,2,3,2707.076498243282,2707.076498243282
6,30,3,5,4178.762163072383,4178.762163072383
7,30,2,2,2348.748660968806,2348.748660968806
0,31,5,5,5859.470291490379,5859.470291490379
1,31,2,2,2348.2730023310423,2348.2730023310423
2,31,3,4,4082.350102483854,4082.350102483854
3,31,4,5,4807.988870978818,4807.988870978818
4,31,3,3,3950.2651358340186,3950.2651358340186
5,31,2,3,2613.1291651585334,2613.1291651585334
6,31,3,4,4646.611634503161,4646.611634503161
7,31,2,2,2515.9975270283658,2515.9975270283658
0,32,5,7,6066.569012637533,6066.569012637533
1,32,2,2,1809.3745801122138,1809.3745801122138
2,32,3,4,3812.8898880296797,3812.8898880296797
3,32,4,4,4629.911280152689,4629.911280152689
4,32,3,4,4413.3019946797285,4413.3019946797285
5,32,2,3,2741.0652104257324,2741.0652104257324
6,32,3,5,3985.462558811785,3985.462558811785
7,32,2,2,2662.4139810191855,2662.4139810191855
0,33,5,6,5995.712056141183,5995.712056141183
1,33,2,2,2229.848159600188,2229.848159600188
2,33,3,4,4602.157963437895,4602.157963437895
3,33,4,6,4254.128041931362,4254.128041931362
4,33,3,4,4302.935246272264,4302.935246272264
5,33,2,3,2623.200181035258,2623.200181035258
6,33,3,6,4403.675674918014,4403.675674918014
7,33,2,2,2434.9950191710172,2434.9950191710172
0,34,5,8,5947.195872022766,5947.195872022766
1,34,2,2,2483.464865375515,2483.464865375515
2,34,3,4,4475.2223689022385,4475.2223689022385
3,34,4,5,4890.258472093301,4890.258472093301
4,34,3,4,4598.86951282557,4598.86951282557
5,34,2,3,2221.110634703398,2221.110634703398
6,34,3,5,4304.46076811141,4304.46076811141
7,34,2,2,2710.886603159055,2710.886603159055
0,35,5,5,5726.189461892894,5726.189461892894
1,35,2,2,2333.464865375515,2333.464865375515
2,35,3,4,3619.132606165813,3619.132606165813
3,35,4,4,4357.4604683780635,4357.4604683780635
4,35,3,3,4206.36140910926,4206.36140910926
5,35,2,3,2262.7773013700644,2262.7773013700644
6,35,3,4,4441.189287155621,4441.189287155621
7,35,2,2,2512.4139810191855,2512.4139810191855
0,36,5,6,6214.581892632435,6214.581892632435
1,36,2,3,2859.711216812775,2859.711216812775
2,36,3,4,4149.215967676446,4149.215967676446
3,36,4,6,4377.116968439498,4377.116968439498
4,36,3,4,4393.00222138689,4393.00222138689
5,36,2,2,2214.126659253092,2214.126659253092
6,36,3,4,4320.52663284015,4320.52663284015
7,36,2,2,2602.553269825722,2602.553269825722
0,37,5,5,6079.361087175571,6079.361087175571
1,37,2,3,2343.2687731956153,2343.2687731956153
2,37,3,4,4772.757453429868,4772.757453429868
3,37,4,5,4827.447767166914,4827.447767166914
4,37,3,4,4654.411948511994,4654.411948511994
5,37,2,2,2351.626659253092,2351.626659253092
6,37,3,4,3852.3989835054426,3852.3989835054426
7,37,2,2,2602.553269825722,2602.553269825722
0,38,5,5,6044.6912709444,6044.6912709444
1,38,2,2,2502.690533455394,2502.690533455394
2,38,3,5,4014.9471878661184,4014.9471878661184
3,38,4,5,4366.46610631095,4366.46610631095
4,38,3,3,4093.8640145274585,4093.8640145274585
5,38,2,3,2612.8752201925545,2612.8752201925545
6,38,3,4,4501.2665750966125,4501.2665750966125
7,38,2,2,2019.5819943021393,2019.5819943021393
0,39,5,7,5848.996991804531,5848.996991804531
1,39,2,2,2297.6279098747973,2297.6279098747973
2,39,3,4,4245.467090032568,4245.467090032568
3,39,4,5,4575.685961991118,4575.685961991118
4,39,3,3,3891.2770554536983,3891.2770554536983
5,39,2,2,2339.126659253092,2339.126659253092
6,39,3,5,3720.002712029821,3720.002712029821
7,39,2,2,2592.867789676153,2592.867789676153
0,40,5,6,5877.403214746222,5877.403214746222
1,40,2,2,2387.6315320421813,2387.6315320421813
2,40,3,3,3796.434151610378,3796.434151610378
3,40,4,4,4554.221413722151,4554.221413722151
4,40,3,4,4749.154079422068,4749.154079422068
5,40,2,3,2706.5335143685916,2706.5335143685916
6,40,3,4,4506.499368154929,4506.499368154929
7,40,2,2,2277.9153276354727,2277.9153276354727
0,41,5,6,5819.263376353338,5819.263376353338
1,41,2,3,2513.3989683146947,2513.3989683146947
2,41,3,4,4131.373926204748,4131.373926204748
3,41,4,4,4568.564489898959,4568.564489898959
4,41,3,4,4451.229248756593,4451.229248756593
5,41,2,3,2554.5596872487667,2554.5596872487667
6,41,3,3,3762.189025469589,3762.189025469589
7,41,2,2,2559.9950191710172,2559.9950191710172
0,42,5,6,5835.0010716485785,5835.0010716485785
1,42,2,3,2985.407244652747,2985.407244652747
2,42,3,4,4632.92740649905,4632.92740649905
3,42,4,4,4449.161505871789,4449.161505871789
4,42,3,3,4109.268092486071,4109.268092486071
5,42,2,2,2393.293325919759,2393.293325919759
6,42,3,5,4024.8466743059435,4024.8466743059435
7,42,2,2,2266.672518763025,2266.672518763025
0,43,5,6,6350.226984686727,6350.226984686727
1,43,2,3,2479.4382963162216,2479.4382963162216
2,43,3,4,3873.693172988598,3873.693172988598
3,43,4,5,4760.566955140972,4760.566955140972
4,43,3,3,4129.732513387786,4129.732513387786
5,43,2,2,2351.626659253092,2351.626659253092
6,43,3,4,3953.233684092957,3953.233684092957
7,43,2,2,2528.4975270283658,2528.4975270283658
0,44,5,6,5799.3106314725665,5799.3106314725665
1,44,2,3,3235.835566892001,3235.835566892001
2,44,3,4,3389.08205008965,3389.08205008965
3,44,4,5,5188.139249040751,5188.139249040751
4,44,3,4,4687.187851319474,4687.187851319474
5,44,2,3,2268.560613679151,2268.560613679151
6,44,3,4,4195.537250431145,4195.537250431145
7,44,2,2,2409.9950191710172,2409.9950191710172
0,45,5,6,5472.268510613381,5472.268510613381
1,45,2,3,2530.0656349813617,2530.0656349813617
2,45,3,4,3936.4211276544756,3936.4211276544756
3,45,4,5,4256.849751976917,4256.849751976917
4,45,3,4,4465.307332650608,4465.307332650608
5,45,2,3,2127.6753890814107,2127.6753890814107
6,45,3,5,4137.095496405716,4137.095496405716
7,45,2,2,2378.4975270283658,2378.4975270283658
0,46,5,8,6000.6952965424225,6000.6952965424225
1,46,2,2,2592.2311269374595,2592.2311269374595
2,46,3,4,3854.556554696346,3854.556554696346
3,46,4,6,4817.868973426207,4817.868973426207
4,46,3,4,4357.289423885342,4357.289423885342
5,46,2,3,2790.409831576615,2790.409831576615
6,46,3,4,4757.229285136628,4757.229285136628
7,46,2,2,2486.8308603616993,2486.8308603616993
0,47,5,5,5915.063287864608,5915.063287864608
1,47,2,3,3081.24057798608,3081.24057798608
2,47,3,4,4212.411414614265,4212.411414614265
3,47,4,6,4548.84014888574,4548.84014888574
4,47,3,4,4249.750084235432,4249.750084235432
5,47,2,3,2648.1235023397353,2648.1235023397353
6,47,3,3,3859.486098989947,3859.486098989947
7,47,2,2,2486.8308603616993,2486.8308603616993
0,48,5,6,5790.141735063281,5790.141735063281
1,48,2,2,2366.1708600437087,2366.1708600437087
2,48,3,4,4052.304336760354,4052.304336760354
3,48,4,5,4702.934646848945,4702.934646848945
4,48,3,3,3825.2405893521745,3825.2405893521745
5,48,2,2,2320.879492537329,2320.879492537329
6,48,3,5,4081.064871202404,4081.064871202404
7,48,2,2,2115.4153276354727,2115.4153276354727
0,49,5,7,5920.441041204519,5920.441041204519
1,49,2,2,2450.9130956271924,2450.9130956271924
2,49,3,4,4524.739858222435,4524.739858222435
3,49,4,5,4251.825177755522,4251.825177755522
4,49,3,4,4750.910788302057,4750.910788302057
5,49,2,2,2393.293325919759,2393.293325919759
6,49,3,5,4087.8561156168175,4087.8561156168175
7,49,2,2,2294.389096080938,2294.389096080938
0,50,5,6,5881.184341309719,5881.184341309719
1,50,2,3,2451.6021065289488,2451.6021065289488
2,50,3,4,4061.0523793905195,4061.0523793905195
3,50,4,4,4335.300420520054,4335.300420520054
4,50,3,3,3981.6106106473617,3981.6106106473617
5,50,2,3,2698.6131953822014,2698.6131953822014
6,50,3,4,3686.6388804190224,3686.6388804190224
7,50,2,2,2295.455953263212,2295.455953263212
0,51,5,6,6332.360089325159,6332.360089325159
1,51,2,2,2480.2952782710263,2480.2952782710263
2,51,3,4,3750.4457125271406,3750.4457125271406
3,51,4,4,4422.565731283245,4422.565731283245
4,51,3,4,4451.565858755859,4451.565858755859
5,51,2,3,2904.7958318251995,2904.7958318251995
6,51,3,5,4108.862220991451,4108.862220991451
7,51,2,2,2257.6641936950327,2257.6641936950327
0,52,5,8,6081.34926608429,6081.34926608429
1,52,2,3,2881.3480124698913,2881.3480124698913
2,52,3,4,4228.873069743605,4228.873069743605
3,52,4,5,4873.274804577546,4873.274804577546
4,52,3,4,4315.929611588629,4315.929611588629
5,52,2,3,2964.071353981207,2964.071353981207
6,52,3,4,4568.746761627788,4568.746761627788
7,52,2,2,2348.748660968806,2348.748660968806
0,53,5,7,6035.065034737541,6035.065034737541
1,53,2,3,3081.8388023754806,3081.8388023754806
2,53,3,4,3809.9737383711617,3809.9737383711617
3,53,4,5,4715.059281784283,4715.059281784283
4,53,3,4,4874.937240622799,4874.937240622799
5,53,2,3,2648.098638509109,2648.098638509109
6,53,3,4,4185.632068778545,4185.632068778545
7,53,2,2,2560.978474236228,2560.978474236228
0,54,5,9,6006.845713842137,6006.845713842137
1,54,2,3,2848.0118632831663,2848.0118632831663
2,54,3,4,4000.333936296854,4000.333936296854
3,54,4,6,4721.730472272548,4721.730472272548
4,54,3,5,5079.694424800522,5079.694424800522
5,54,2,2,2263.9588122116925,2263.9588122116925
6,54,3,4,4232.39003453529,4232.39003453529
7,54,2,2,2378.7892865965455,2378.7892865965455
0,55,5,5,5962.173737629885,5962.173737629885
1,55,2,2,1849.8512703706224,1849.8512703706224
2,55,3,4,3579.8888569014302,3579.8888569014302
3,55,4,6,4417.513311283262,4417.513311283262
4,55,3,4,4923.714704816762,4923.714704816762
5,55,2,2,2222.2921455450255,2222.2921455450255
6,55,3,5,3987.6288711341367,3987.6288711341367
7,55,2,2,2240.4153276354727,2240.4153276354727
0,56,5,6,6087.976173469019,6087.976173469019
1,56,2,3,3004.54734443573,3004.54734443573
2,56,3,4,3996.5966421588955,3996.5966421588955
3,56,4,5,4865.259619516244,4865.259619516244
4,56,3,4,4767.570836826797,4767.570836826797
5,56,2,3,2252.6753890814107,2252.6753890814107
6,56,3,4,4447.7908947529795,4447.7908947529795
7,56,2,2,2458.2473143525185,2458.2473143525185
0,57,5,7,5994.088230167253,5994.088230167253
1,57,2,2,2559.246428960526,2559.246428960526
2,57,3,5,3863.497215006777,3863.497215006777
3,57,4,4,4478.233418166183,4478.233418166183
4,57,3,3,3760.50214753362,3760.50214753362
5,57,2,2,2305.625478878359,2305.625478878359
6,57,3,4,4296.46718847764,4296.46718847764
7,57,2,2,2505.8283525043507,2505.8283525043507
0,58,5,7,5754.381899008614,5754.381899008614
1,58,2,3,2860.407244652747,2860.407244652747
2,58,3,3,3911.474640178917,3911.474640178917
3,58,4,6,4583.63156380363,4583.63156380363
4,58,3,4,4578.328608848023,4578.328608848023
5,58,2,3,2164.2442788623894,2164.2442788623894
6,58,3,3,3859.877699871732,3859.877699871732
7,58,2,2,2404.080647685852,2404.080647685852
0,59,5,6,6179.937381089599,6179.937381089599
1,59,2,3,2889.573911319413,2889.573911319413
2,59,3,4,4013.818336239555,4013.818336239555
3,59,4,5,4686.35706206636,4686.35706206636
4,59,3,4,4476.298978402078,4476.298978402078
5,59,2,2,2249.1410994200432,2249.1410994200432
6,59,3,4,4451.646210570751,4451.646210570751
7,59,2,2,2465.145140902895,2465.145140902895
0,60,5,6,6228.674286586146,6228.674286586146
1,60,2,2,2011.5564688296183,2011.5564688296183
2,60,3,4,4373.021398084408,4373.021398084408
3,60,4,5,4916.882921163496,4916.882921163496
4,60,3,4,4747.441861451908,4747.441861451908
5,60,2,2,2404.2128258706625,2404.2128258706625
6,60,3,4,3866.3669447145935,3866.3669447145935
7,60,2,2,2445.7473143525185,2445.7473143525185
0,61,5,6,5835.310126097325,5835.310126097325
1,61,2,3,3026.3778834794416,3026.3778834794416
2,61,3,4,3896.509570000984,3896.509570000984
3,61,4,5,4690.608179204434,4690.608179204434
4,61,3,4,5094.885449052905,5094.885449052905
5,61,2,2,2297.459992586425,2297.459992586425
6,61,3,4,3811.3504238367404,3811.3504238367404
7,61,2,2,2602.645140902895,2602.645140902895
0,62,5,5,5561.070355685881,5561.070355685881
1,62,2,2,2438.1814929335214,2438.1814929335214
2,62,3,4,4113.218071351961,4113.218071351961
3,62,4,6,3886.909688924452,3886.909688924452
4,62,3,4,4747.76516646725,4747.76516646725
5,62,2,3,2344.16800374961,2344.16800374961
6,62,3,4,4212.453606329686,4212.453606329686
7,62,2,2,2361.2486609688062,2361.2486609688062
0,63,5,6,5872.160373930402,5872.160373930402
1,63,2,3,2997.907244652747,2997.907244652747
2,63,3,3,3717.822729971478,3717.822729971478
3,63,4,5,4347.987000696969,4347.987000696969
4,63,3,4,4656.350192442931,4656.350192442931
5,63,2,3,2344.16800374961,2344.16800374961
6,63,3,6,4346.020653799747,4346.020653799747
7,63,2,2,2127.9153276354727,2127.9153276354727
0,64,5,6,6041.233097540982,6041.233097540982
1,64,2,2,2420.085261591728,2420.085261591728
2,64,3,4,4102.380533028201,4102.380533028201
3,64,4,5,4741.7417620576225,4741.7417620576225
4,64,3,4,4435.277595004731,4435.277595004731
5,64,2,3,2571.208553525888,2571.208553525888
6,64,3,5,3905.9625709438287,3905.9625709438287
7,64,2,2,2211.055762747605,2211.055762747605
0,65,5,6,6313.977010137134,6313.977010137134
1,65,2,2,2474.4944773670354,2474.4944773670354
2,65,3,3,3508.9341516103786,3508.9341516103786
3,65,4,6,4493.793415740038,4493.793415740038
4,65,3,4,4560.380931795873,4560.380931795873
5,65,2,3,2101.893947012484,2101.893947012484
6,65,3,4,4363.967490257326,4363.967490257326
7,65,2,2,2398.478474236228,2398.478474236228
0,66,5,7,6023.910133752738,6023.910133752738
1,66,2,2,2429.2981987088483,2429.2981987088483
2,66,3,3,3568.6262800378713,3568.6262800378713
3,66,4,5,4930.714979829009,4930.714979829009
4,66,3,3,3961.7819281401153,3961.7819281401153
5,66,2,3,2631.2323686822747,2631.2323686822747
6,66,3,3,3625.720957407423,3625.720957407423
7,66,2,3,3085.99180728596,3085.99180728596
0,67,5,6,6261.1016598754895,6261.1016598754895
1,67,2,3,2913.877883479441,2913.877883479441
2,67,3,3,3508.9059955817806,3508.9059955817806
3,67,4,5,4633.518754458292,4633.518754458292
4,67,3,4,4692.802210125501,4692.802210125501
5,67,2,3,1971.1106347033979,1971.1106347033979
6,67,3,4,3768.973410827737,3768.973410827737
7,67,2,2,2236.2486609688062,2236.2486609688062
0,68,5,7,6535.362186165918,6535.362186165918
1,68,2,2,2380.079762293859,2380.079762293859
2,68,3,3,3512.93745540154,3512.93745540154
3,68,4,5,4493.761520294722,4493.761520294722
4,68,3,4,4822.3462194121785,4822.3462194121785
5,68,2,3,2722.7857208760342,2722.7857208760342
6,68,3,5,4019.352866160435,4019.352866160435
7,68,2,2,2044.5819943021395,2044.5819943021395
0,69,5,6,5338.456584009029,5338.456584009029
1,69,2,2,2538.0644602707926,2538.0644602707926
2,69,3,4,4044.909332747102,4044.909332747102
3,69,4,6,4630.348626956864,4630.348626956864
4,69,3,3,4011.9588155268866,4011.9588155268866
5,69,2,3,2880.7380206478733,2880.7380206478733
6,69,3,4,3821.739184199704,3821.739184199704
7,69,2,3,3091.1243039908722,3091.1243039908722
0,70,5,5,5551.207938187183,5551.207938187183
1,70,2,3,2798.0146791365582,2798.0146791365582
2,70,3,4,3676.648023892563,3676.648023892563
3,70,4,7,4012.859854403625,4012.859854403625
4,70,3,4,4611.41605556174,4611.41605556174
5,70,2,4,2677.827877704397,2677.827877704397
6,70,3,4,4416.755586933728,4416.755586933728
7,70,2,2,2169.5819943021393,2169.5819943021393
0,71,5,7,5666.328969462531,5666.328969462531
1,71,2,3,2468.2687731956153,2468.2687731956153
2,71,3,3,3703.0667521421456,3703.0667521421456
3,71,4,4,4451.0711611305405,4451.0711611305405
4,71,3,4,4699.784063670063,4699.784063670063
5,71,2,2,2138.958812211692,2138.958812211692
6,71,3,4,4360.632068778545,4360.632068778545
7,71,2,2,2265.4153276354727,2265.4153276354727
0,72,5,6,6159.606465724281,6159.606465724281
1,72,2,2,2646.397793604126,2646.397793604126
2,72,3,4,4328.800423365901,4328.800423365901
3,72,4,6,5035.903482177946,5035.903482177946
4,72,3,4,4554.960748189248,4554.960748189248
5,72,2,3,2612.8752201925545,2612.8752201925545
6,72,3,4,4473.246492046501,4473.246492046501
7,72,2,2,2422.4950191710172,2422.4950191710172
0,73,5,6,6229.527371842368,6229.527371842368
1,73,2,3,3063.8778834794416,3063.8778834794416
2,73,3,3,3080.2891682391937,3080.2891682391937
3,73,4,5,4465.799993427207,4465.799993427207
4,73,3,6,4611.341025595207,4611.341025595207
5,73,2,3,2648.098638509109,2648.098638509109
6,73,3,6,4233.520653799748,4233.520653799748
7,73,2,2,2308.3391854296915,2308.3391854296915
0,74,5,8,5945.310812995356,5945.310812995356
1,74,2,3,3215.8462893404867,3215.8462893404867
2,74,3,4,3841.9737071273,3841.9737071273
3,74,4,5,3953.975346070671,3953.975346070671
4,74,3,4,4169.496415847726,4169.496415847726
5,74,2,2,2466.661114282774,2466.661114282774
6,74,3,4,4321.003572431214,4321.003572431214
7,74,2,2,2819.2199364923886,2819.2199364923886
0,75,5,8,5799.247687786953,5799.247687786953
1,75,2,2,2675.338533148854,2675.338533148854
2,75,3,4,4152.223105978226,4152.223105978226
3,75,4,6,4659.362868263323,4659.362868263323
4,75,3,4,4604.933372713641,4604.933372713641
5,75,2,2,2305.625478878359,2305.625478878359
6,75,3,4,3963.2443162129043,3963.2443162129043
7,75,2,2,2548.4784742362285,2548.4784742362285
0,76,5,5,6086.800588077063,6086.800588077063
1,76,2,3,3068.044550146108,3068.044550146108
2,76,3,3,3673.7768829679026,3673.7768829679026
3,76,4,5,4508.391689652802,4508.391689652802
4,76,3,4,4329.533017739879,4329.533017739879
5,76,2,3,2228.6031844488525,2228.6031844488525
6,76,3,4,4367.436710156127,4367.436710156127
7,76,2,2,2602.553269825722,2602.553269825722
0,77,5,7,5879.782336317906,5879.782336317906
1,77,2,3,2493.2687731956153,2493.2687731956153
2,77,3,4,3959.518242632804,3959.518242632804
3,77,4,5,4755.1585799305085,4755.1585799305085
4,77,3,4,4670.241760015525,4670.241760015525
5,77,2,3,2919.1347428752692,2919.1347428752692
6,77,3,4,4274.056701201957,4274.056701201957
7,77,2,2,2002.9153276354727,2002.9153276354727
0,78,5,6,6275.892054037312,6275.892054037312
1,78,2,2,2282.837526710375,2282.837526710375
2,78,3,4,3366.0867072912365,3366.0867072912365
3,78,4,5,4061.5447829085283,4061.5447829085283
4,78,3,4,4756.49909473594,4756.49909473594
5,78,2,3,2589.071353981206,2589.071353981206
6,78,3,6,4246.232247997936,4246.232247997936
7,78,2,2,2069.5819943021397,2069.5819943021397
0,79,5,6,6283.67069458509,6283.67069458509
1,79,2,2,2483.464865375515,2483.464865375515
2,79,3,4,4072.4817653701098,4072.4817653701098
3,79,4,6,4696.954758162605,4696.954758162605
4,79,3,4,4322.880931795874,4322.880931795874
5,79,2,2,2267.076661746621,2267.076661746621
6,79,3,4,3807.111054232536,3807.111054232536
7,79,2,2,2366.289286596545,2366.289286596545
0,80,5,6,6350.362246436996,6350.362246436996
1,80,2,2,2410.440441492138,2410.440441492138
2,80,3,4,3555.394466784918,3555.394466784918
3,80,4,5,4287.595657924864,4287.595657924864
4,80,3,3,3911.7798452430507,3911.7798452430507
5,80,2,3,2491.0652104257324,2491.0652104257324
6,80,3,4,3925.217905470982,3925.217905470982
7,80,2,2,2339.161685837684,2339.161685837684
0,81,5,6,5841.777584676853,5841.777584676853
1,81,2,3,2468.2687731956153,2468.2687731956153
2,81,3,3,3644.228793756737,3644.228793756737
3,81,4,5,4770.30259656275,4770.30259656275
4,81,3,4,4609.4338242097465,4609.4338242097465
5,81,2,2,2268.293325919759,2268.293325919759
6,81,3,4,4441.0020119980745,4441.0020119980745
7,81,2,3,3257.944168655737,3257.944168655737
0,82,5,7,5705.154745449394,5705.154745449394
1,82,2,3,2285.816920776553,2285.816920776553
2,82,3,4,4013.818336239555,4013.818336239555
3,82,4,5,4718.560744135891,4718.560744135891
4,82,3,4,4491.258754573195,4491.258754573195
5,82,2,3,2707.6979199607345,2707.6979199607345
6,82,3,4,3871.0324516358696,3871.0324516358696
7,82,2,2,2387.4139810191855,2387.4139810191855
0,83,5,6,5963.968309919441,5963.968309919441
1,83,2,3,2422.4354398622822,2422.4354398622822
2,83,3,4,4442.448057951737,4442.448057951737
3,83,4,8,4197.736711319362,4197.736711319362
4,83,3,3,4020.868512957366,4020.868512957366
5,83,2,2,2424.9944476161077,2424.9944476161077
6,83,3,3,3830.911399401909,3830.911399401909
7,83,2,2,2474.3308603616993,2474.3308603616993
0,84,5,7,5557.927395815335,5557.927395815335
1,84,2,2,2451.3916541827884,2451.3916541827884
2,84,3,4,4627.722085151889,4627.722085151889
3,84,4,5,4820.458851059356,4820.458851059356
4,84,3,4,4769.724645420014,4769.724645420014
5,84,2,3,1961.008722414744,1961.008722414744
6,84,3,4,4301.818145453304,4301.818145453304
7,84,2,2,2404.080647685852,2404.080647685852
0,85,5,8,6270.448645227994,6270.448645227994
1,85,2,3,2935.9430013758124,2935.9430013758124
2,85,3,4,4370.467090032568,4370.467090032568
3,85,4,4,4475.532885767476,4475.532885767476
4,85,3,4,4072.2168419725776,4072.2168419725776
5,85,2,4,2682.2520760135058,2682.2520760135058
6,85,3,5,3773.758511742827,3773.758511742827
7,85,2,2,2319.5819943021397,2319.5819943021397
0,86,5,6,6299.189161781494,6299.189161781494
1,86,2,2,2150.290027396135,2150.290027396135
2,86,3,4,4192.591437994215,4192.591437994215
3,86,4,5,4788.4121585420135,4788.4121585420135
4,86,3,4,4552.51716751008,4552.51716751008
5,86,2,2,2561.598197491579,2561.598197491579
6,86,3,4,4133.286939663019,4133.286939663019
7,86,2,2,2548.3866031590555,2548.3866031590555
0,87,5,6,5580.165601607563,5580.165601607563
1,87,2,3,2937.7716296495546,2937.7716296495546
2,87,3,4,4047.2261646725324,4047.2261646725324
3,87,4,6,4550.497153630903,4550.497153630903
4,87,3,5,5079.54261396942,5079.54261396942
5,87,2,2,2313.2393916248807,2313.2393916248807
6,87,3,4,3315.324535188617,3315.324535188617
7,87,2,2,2506.811807569562,2506.811807569562
0,88,5,6,5731.491978799481,5731.491978799481
1,88,2,3,2339.102106528949,2339.102106528949
2,88,3,4,3889.3441990336337,3889.3441990336337
3,88,4,5,4198.409564255259,4198.409564255259
4,88,3,4,4575.765518250406,4575.765518250406
5,88,2,3,2169.342055748077,2169.342055748077
6,88,3,5,4222.418513971123,4222.418513971123
7,88,2,2,2494.3118075695616,2494.3118075695616
0,89,5,6,5968.563147311206,5968.563147311206
1,89,2,2,2588.6286116043593,2588.6286116043593
2,89,3,4,4242.672588691239,4242.672588691239
3,89,4,7,4042.0902868479548,4042.0902868479548
4,89,3,4,4061.4860217492533,4061.4860217492533
5,89,2,3,2906.9465287155344,2906.9465287155344
6,89,3,4,4305.845826494197,4305.845826494197
7,89,2,2,2499.9139810191855,2499.9139810191855
0,90,5,5,5704.440117073863,5704.440117073863
1,90,2,2,2297.932751067294,2297.932751067294
2,90,3,3,3542.3259933578147,3542.3259933578147
3,90,4,5,4826.516636445256,4826.516636445256
4,90,3,4,4975.7909662085885,4975.7909662085885
5,90,2,3,2373.3346704162764,2373.3346704162764
6,90,3,6,4208.201237422052,4208.201237422052
7,90,2,2,2044.5819943021395,2044.5819943021395
0,91,5,5,5850.49120909348,5850.49120909348
1,91,2,3,2409.9354398622822,2409.9354398622822
2,91,3,4,4156.442363373182,4156.442363373182
3,91,4,5,4510.2407521436435,4510.2407521436435
4,91,3,3,4055.787578689239,4055.787578689239
5,91,2,3,2546.0319274123262,2546.0319274123262
6,91,3,3,3717.254949843727,3717.254949843727
7,91,2,2,2199.622619929879,2199.622619929879
0,92,5,8,5695.089169438319,5695.089169438319
1,92,2,2,2355.079762293859,2355.079762293859
2,92,3,4,4361.5048517578025,4361.5048517578025
3,92,4,6,4305.445607430623,4305.445607430623
4,92,3,4,4867.714000227858,4867.714000227858
5,92,2,2,2393.2933259197584,2393.2933259197584
6,92,3,6,4637.687320466414,4637.687320466414
7,92,2,2,2312.1226199298785,2312.1226199298785
0,93,5,8,5488.861230188614,5488.861230188614
1,93,2,2,2313.4130956271924,2313.4130956271924
2,93,3,4,4216.710517194253,4216.710517194253
3,93,4,5,4375.8535088511635,4375.8535088511635
4,93,3,4,4624.802264897083,4624.802264897083
5,93,2,3,2248.334670416277,2248.334670416277
6,93,3,5,4316.116718803574,4316.116718803574
7,93,2,2,2416.5806476858525,2416.5806476858525
0,94,5,6,6709.400888308769,6709.400888308769
1,94,2,3,3165.172135708814,3165.172135708814
2,94,3,4,4299.633756699235,4299.633756699235
3,94,4,5,4684.2674868457525,4684.2674868457525
4,94,3,4,4458.978258238983,4458.978258238983
5,94,2,3,2427.5013370829433,2427.5013370829433
6,94,3,5,3891.7955378008037,3891.7955378008037
7,94,2,4,3788.0899984103808,3788.0899984103808
0,95,5,6,5564.103490938334,5564.103490938334
1,95,2,3,2956.24057798608,2956.24057798608
2,95,3,4,4110.55643931156,4110.55643931156
3,95,4,5,5035.989952843471,5035.989952843471
4,95,3,4,4984.858895374532,4984.858895374532
5,95,2,3,2694.96689687351,2694.96689687351
6,95,3,4,4311.052919788282,4311.052919788282
7,95,2,2,2257.955953263212,2257.955953263212
0,96,5,6,6211.799908178681,6211.799908178681
1,96,2,2,2291.7981987088483,2291.7981987088483
2,96,3,4,3977.8566078268095,3977.8566078268095
3,96,4,5,4299.121625105035,4299.121625105035
4,96,3,5,4378.335996888209,4378.335996888209
5,96,2,2,2340.2161579429476,2340.2161579429476
6,96,3,3,3745.463510343485,3745.463510343485
7,96,2,2,2101.1497940604313,2101.1497940604313
0,97,5,6,5012.446333965449,5012.446333965449
1,97,2,3,3039.573911319414,3039.573911319414
2,97,3,4,4252.553579036106,4252.553579036106
3,97,4,6,4312.209471022919,4312.209471022919
4,97,3,4,4516.234685315083,4516.234685315083
5,97,2,2,2188.2393916248807,2188.2393916248807
6,97,3,3,3843.8040594101544,3843.8040594101544
7,97,2,2,2548.3866031590555,2548.3866031590555
0,98,5,5,5976.497901100501,5976.497901100501
1,98,2,3,2396.1049629828885,2396.1049629828885
2,98,3,4,4122.06317402087,4122.06317402087
3,98,4,6,4188.600303781758,4188.600303781758
4,98,3,4,4704.43407364386,4704.43407364386
5,98,2,3,2532.7318770923994,2532.7318770923994
6,98,3,4,4314.252802670749,4314.252802670749
7,98,2,2,2941.0177639538706,2941.0177639538706
0,99,5,7,5844.17521878003,5844.17521878003
1,99,2,3,3097.907244652747,3097.907244652747
2,99,3,4,3423.9100268319257,3423.9100268319257
3,99,4,5,4416.285889318985,4416.285889318985
4,99,3,4,5138.692437827724,5138.692437827724
5,99,2,4,2612.263544056706,2612.263544056706
6,99,3,5,4065.528915670541,4065.528915670541
7,99,2,2,2512.4139810191855,2512.4139810191855
0,100,5,5,6028.748538456779,6028.748538456779
1,100,2,2,2291.7981987088483,2291.7981987088483
2,100,3,3,3774.3828616055853,3774.3828616055853
3,100,4,5,4455.315281652024,4455.315281652024
4,100,3,4,4413.98363816468,4413.98363816468
5,100,2,3,2707.076498243282,2707.076498243282
6,100,3,5,4539.784606370731,4539.784606370731
7,100,2,2,2145.455953263212,2145.455953263212
